actor,movie_or_TV_name
Natalie Portman,Lady in the Lake
Natalie Portman,Foxy Trotter
Natalie Portman,May December
Natalie Portman,Bronco Belle
Natalie Portman,Secrets of the Elephants
Natalie Portman,Marvel Studios Assembled: The Making of Thor: Love and Thunder
Natalie Portman,Running Wild with Bear Grylls: The Challenge
Natalie Portman,Thor: Love and Thunder
Natalie Portman,Civilization Express - The Great Feast of Movies
Natalie Portman,What If...?
Natalie Portman,One-Tenth of a Millimeter Apart
Natalie Portman,Showbiz Kids
Natalie Portman,Lucy in the Sky
Natalie Portman,A Little Late with Lilly Singh
Natalie Portman,This Changes Everything
Natalie Portman,Avengers: Endgame
Natalie Portman,The Death & Life of John F. Donovan
Natalie Portman,Bluey
Natalie Portman,Vox Lux
Natalie Portman,Eating Animals
Natalie Portman,The Making of Annihilation
Natalie Portman,Dolphin Reef
Natalie Portman,Annihilation
Natalie Portman,Miss Dior
Natalie Portman,The Pulitzer At 100
Natalie Portman,Song to Song
Natalie Portman,From Jackie to Camelot
Natalie Portman,Jackie
Natalie Portman,Planetarium
Natalie Portman,Starring Austin Pendleton
Natalie Portman,Angie Tribeca
Natalie Portman,Jane Got a Gun
Natalie Portman,Mr. Gaga
Natalie Portman,A Tale of Love and Darkness
Natalie Portman,Close Up with The Hollywood Reporter
Natalie Portman,The Heyday of the Insensitive Bastards
Natalie Portman,Hot Ones
Natalie Portman,Knight of Cups
Natalie Portman,A Brothers' Journey: Thor & Loki
Natalie Portman,Late Night with Seth Meyers
Natalie Portman,The Tonight Show Starring Jimmy Fallon
Natalie Portman,Thor: The Dark World
Natalie Portman,Illusions & Mirrors
Natalie Portman,Thor: Assembling the Troupe
Natalie Portman,Thor: From Asgard to Earth
Natalie Portman,Thor
Natalie Portman,Your Highness
Natalie Portman,Black Swan: Metamorphosis
Natalie Portman,No Strings Attached
Natalie Portman,14 Actors Acting
Natalie Portman,Black Swan
Natalie Portman,Secret Origin: The Story of DC Comics
Natalie Portman,Conan
Natalie Portman,The Other Woman
Natalie Portman,I'm Still Here
Natalie Portman,Hesher
Natalie Portman,Miloš Forman - What Doesn't Kill You…
Natalie Portman,Brothers
Natalie Portman,"New York, I Love You"
Natalie Portman,The Other Boleyn Girl
Natalie Portman,Between Two Ferns with Zach Galifianakis
Natalie Portman,My Blueberry Nights
Natalie Portman,Mr. Magorium's Wonder Emporium
Natalie Portman,The Darjeeling Limited
Natalie Portman,Hotel Chevalier
Natalie Portman,The Graham Norton Show
Natalie Portman,Goya's Ghosts
Natalie Portman,Paris Je T'aime
Natalie Portman,Guy Fawkes and the Gunpowder Plot
Natalie Portman,The Armenian Genocide
Natalie Portman,Top Chef
Natalie Portman,V for Vendetta
Natalie Portman,Live 8
Natalie Portman,Star Wars: Episode III - Revenge of the Sith
Natalie Portman,Free Zone
Natalie Portman,Domino One
Natalie Portman,10 Year Retrospective: Cast and Crew Look Back
Natalie Portman,Natalie Portman: Starting Young
Natalie Portman,Closer
Natalie Portman,Project Runway
Natalie Portman,The Story of Star Wars
Natalie Portman,Garden State
Natalie Portman,True
Natalie Portman,Cold Mountain
Natalie Portman,The Ellen DeGeneres Show
Natalie Portman,Jimmy Kimmel Live!
Natalie Portman,Star Wars: Episode II - Attack of the Clones
Natalie Portman,R2-D2: Beneath the Dome
Natalie Portman,The Concert for New York City
Natalie Portman,The Beginning: Making 'Episode I'
Natalie Portman,Zoolander
Natalie Portman,Where the Heart Is
Natalie Portman,Anywhere but Here
Natalie Portman,Star Wars: Episode I - The Phantom Menace
Natalie Portman,Vivement dimanche
Natalie Portman,The View
Natalie Portman,Mars Attacks!
Natalie Portman,Everyone Says I Love You
Natalie Portman,Beautiful Girls
Natalie Portman,Heat
Natalie Portman,Léon: The Professional
Natalie Portman,Inside the Actors Studio
Natalie Portman,Developing
Natalie Portman,The Simpsons
Natalie Portman,Saturday Night Live
Natalie Portman,Sesame Street
Natalie Portman,The Oscars
Natalie Portman,Lady in the Lake
Natalie Portman,Foxy Trotter
Natalie Portman,May December
Natalie Portman,Vox Lux
Natalie Portman,Eating Animals
Natalie Portman,Pride and Prejudice and Zombies
Natalie Portman,Jane Got a Gun
Natalie Portman,The Seventh Fire
Natalie Portman,No Strings Attached
Natalie Portman,The Other Woman
Natalie Portman,Hesher
Natalie Portman,A Tale of Love and Darkness
Natalie Portman,"New York, I Love You"
Natalie Portman,Eve
Natalie Portman,A Tale of Love and Darkness
Natalie Portman,"New York, I Love You"
Natalie Portman,Eve
Natalie Portman,I'm Still Here
Ben Posener,Doktor Ballouz
Ben Posener,The Queen's Gambit
Ben Posener,Schattengrund
Ben Posener,Deutschlands große Clans
Ben Posener,Clouds of Sils Maria
Ben Posener,Hilde
Ben Posener,The Lost Samaritan
Ben Posener,V for Vendetta
Dulcie Smart,Die Bilderkriegerin - Anja Niedringhaus
Dulcie Smart,No
Dulcie Smart,An Approximation of their Barbarous Manners
Dulcie Smart,What Doesn't Kill Us
Dulcie Smart,Forget About Nick
Dulcie Smart,God
Dulcie Smart,What I Forgot To Say
Dulcie Smart,Cloud Atlas
Dulcie Smart,Remembrance
Dulcie Smart,The Lost Samaritan
Dulcie Smart,V for Vendetta
Dulcie Smart,Post Impact
Dulcie Smart,Irren ist männlich
David Merheb,Couples Retreat
David Merheb,Just Add Water
David Merheb,V for Vendetta
David Merheb,Veronica Mars
Simon Newby,Renegades
Simon Newby,Hilde
Simon Newby,GSG 9 -  Ihr Einsatz ist ihr Leben
Simon Newby,V for Vendetta
Simon Newby,Final Contract: Death on Delivery
Simon Newby,Chain Reaction
Simon Newby,Beyond the Limits
Simon Newby,Coast Guard
Mary Stockley,The Alienist
Mary Stockley,Delicious
Mary Stockley,Bettys Diagnose
Mary Stockley,Penny Dreadful
Mary Stockley,Diana
Mary Stockley,I Spit on Your Grave 2
Mary Stockley,The Woman in Black
Mary Stockley,7lives
Mary Stockley,Ballet Shoes
Mary Stockley,Britz
Mary Stockley,Artifacts
Mary Stockley,Persuasion
Mary Stockley,V for Vendetta
Mary Stockley,Pierrepoint: The Last Hangman
Mary Stockley,Agatha Christie's Marple
Mary Stockley,Not 360
Anna Farnworth,Much Ado About Nothing
Anna Farnworth,V for Vendetta
Anna Farnworth,Orlando
Paul Antony-Barber,Marriage
Paul Antony-Barber,The Power
Paul Antony-Barber,Wallis:  The Queen That Never Was
Paul Antony-Barber,The Limehouse Golem
Paul Antony-Barber,The Girlfriend Experience
Paul Antony-Barber,A Dark Reflection
Paul Antony-Barber,Doctor Who: Rise of the Cybermen / The Age of Steel
Paul Antony-Barber,House of Anubis: The Touchstone of Ra
Paul Antony-Barber,Hereafter
Paul Antony-Barber,Rosamunde Pilcher: Wohin Du auch gehst
Paul Antony-Barber,The Golden Compass
Paul Antony-Barber,V for Vendetta
Paul Antony-Barber,Walking to Nairobi
Paul Antony-Barber,My Summer of Love
Paul Antony-Barber,Dirty War
Paul Antony-Barber,Hear the Silence
Paul Antony-Barber,Press Gang
Paul Antony-Barber,The Professionals
Laura Greenwood,Homebird
Laura Greenwood,Hard Boiled Sweets
Laura Greenwood,Kidnap and Ransom
Laura Greenwood,Pinprick
Laura Greenwood,Echo Beach
Laura Greenwood,Heroes & Villains: Napoleon
Laura Greenwood,The Dinner Party
Laura Greenwood,Holby Blue
Laura Greenwood,Prime Suspect 7
Laura Greenwood,Prime Suspect 7: The Final Act
Laura Greenwood,V for Vendetta
Laura Greenwood,The Brothers Grimm
Laura Greenwood,Messiah
Laura Greenwood,Prime Suspect
Jason Griffiths,V for Vendetta
Jason Griffiths,High Heels and Low Lifes
Jason Griffiths,Game On
Jason Griffiths,The Detectives
Jason Griffiths,Birds of a Feather
Greg Donaldson,Echelon Conspiracy
Greg Donaldson,V for Vendetta
Greg Donaldson,Skin
Grant Burgin,Gentleman Jack
Grant Burgin,Stardust
Grant Burgin,V for Vendetta
Martin Savage,Suspicion
Martin Savage,Judy
Martin Savage,Pennyworth: The Origin of Batman's Butler
Martin Savage,Peterloo
Martin Savage,The Exception
Martin Savage,The Moorside
Martin Savage,Dad's Army
Martin Savage,Mr. Turner
Martin Savage,Rush
Martin Savage,The Town
Martin Savage,Scrubber
Martin Savage,Another Year
Martin Savage,Garrow's Law
Martin Savage,Miss Marie Lloyd: Queen of the Music Hall
Martin Savage,I Want Candy
Martin Savage,Sixty Six
Martin Savage,V for Vendetta
Martin Savage,Elizabeth David: A Life in Recipes
Martin Savage,Elizabeth I
Martin Savage,Ahead of the Class
Martin Savage,Vera Drake
Martin Savage,Dirty War
Martin Savage,"Hello, Friend"
Martin Savage,All or Nothing
Martin Savage,Station Jim
Martin Savage,The Tailor of Panama
Martin Savage,Born Romantic
Martin Savage,Topsy-Turvy
Martin Savage,Family Guy
Derek Hutchinson,The Casual Vacancy
Derek Hutchinson,By Any Means
Derek Hutchinson,I Give It a Year
Derek Hutchinson,National Theatre Live: King Lear
Derek Hutchinson,Pu-239
Derek Hutchinson,V for Vendetta
Derek Hutchinson,Stage Beauty
Derek Hutchinson,Procter
Derek Hutchinson,Iris
Derek Hutchinson,Midsomer Murders
Derek Hutchinson,The Cormorant
Derek Hutchinson,Nineteen96
Carsten Hayes,Charlotte Link - Im Tal des Fuchses
Carsten Hayes,1989: A Spy Story
Carsten Hayes,Absentia
Carsten Hayes,Six Wives with Lucy Worsley
Carsten Hayes,The Infiltrator
Carsten Hayes,Sherlock Holmes: A Game of Shadows
Carsten Hayes,Sixty Six
Carsten Hayes,V for Vendetta
Carsten Hayes,The IT Crowd
Carsten Hayes,The Quatermass Experiment
Carsten Hayes,Red Cap
Carsten Hayes,Waking the Dead
Selina Giles,Old Beginnings
Selina Giles,Open 24 Hours
Selina Giles,Dragons of Camelot
Selina Giles,The Dumping Ground
Selina Giles,The Thompsons
Selina Giles,Personal Affairs
Selina Giles,St. Urbain's Horseman
Selina Giles,Holby Blue
Selina Giles,Until Death
Selina Giles,V for Vendetta
Selina Giles,Peppermint
Selina Giles,Hotel Babylon
Selina Giles,The Truth Game
Selina Giles,Black Books
Selina Giles,The Adventures of Young Indiana Jones
Selina Giles,The Adventures of Young Indiana Jones: Tales of Innocence
Selina Giles,Restoration
Selina Giles,Highlander: The Series
Wolfgang Stegemann,Mission: Impossible - Rogue Nation
Wolfgang Stegemann,Don 2
Wolfgang Stegemann,Rammbock: Berlin Undead
Wolfgang Stegemann,Ninja Assassin
Wolfgang Stegemann,Lasko – Die Faust Gottes
Wolfgang Stegemann,Full Employment
Wolfgang Stegemann,V for Vendetta
Wolfgang Stegemann,Crazy Partners
Wolfgang Stegemann,The Challenge
Wolfgang Stegemann,Exclusiv - Das Star-Magazin
Wolfgang Stegemann,Jumanji: The Next Level
Wolfgang Stegemann,Men in Black: International
Wolfgang Stegemann,Inferno
Wolfgang Stegemann,Mission: Impossible - Rogue Nation
Wolfgang Stegemann,Edge of Tomorrow
Wolfgang Stegemann,V for Vendetta
Wolfgang Stegemann,Æon Flux
Jason Oettle,Transformers: The Last Knight
Jason Oettle,Crash Point: Berlin
Jason Oettle,V for Vendetta
Jason Oettle,Die Sturmflut
Jason Oettle,6 Underground
Jason Oettle,The Hills Have Eyes 2
Jason Oettle,V for Vendetta
Mathis Landwehr,Raven's Hollow
Mathis Landwehr,Sky Sharks
Mathis Landwehr,Die Rüden
Mathis Landwehr,Ronny & Klaid
Mathis Landwehr,Ultimate Justice
Mathis Landwehr,Snowflake
Mathis Landwehr,Immigration Game
Mathis Landwehr,Galaxy of Horrors
Mathis Landwehr,Time Heroes
Mathis Landwehr,Darth Maul: Apprentice
Mathis Landwehr,Real Fight
Mathis Landwehr,Bibi & Tina: Bewildered and Bewitched
Mathis Landwehr,München Mord
Mathis Landwehr,Robin Hood
Mathis Landwehr,Land of Giants
Mathis Landwehr,Heiter bis tödlich - Akte Ex
Mathis Landwehr,Arena of the Street Fighter
Mathis Landwehr,Terra Max
Mathis Landwehr,SOKO Stuttgart
Mathis Landwehr,Lasko – Die Faust Gottes
Mathis Landwehr,Kingz
Mathis Landwehr,Hamburg Dockland
Mathis Landwehr,Ladyland
Mathis Landwehr,Lasko - Death Train
Mathis Landwehr,V for Vendetta
Mathis Landwehr,The Challenge
Mathis Landwehr,Inga Lindström
Mathis Landwehr,SOKO Köln
Mathis Landwehr,Kampfansage 2
Mathis Landwehr,Wilde Engel
Mathis Landwehr,Coast Guard
Mathis Landwehr,Alarm for Cobra 11: The Motorway Police
Mathis Landwehr,The Foreigner
Mathis Landwehr,Snowflake
Mathis Landwehr,Hansel & Gretel: Witch Hunters
Mathis Landwehr,V for Vendetta
Mathis Landwehr,Immigration Game
Rami Hilmi,Zombie Lover
Rami Hilmi,Blaze of Gory
Rami Hilmi,Grindsploitation
Rami Hilmi,A Killer Conversation
Rami Hilmi,The Dossier
Rami Hilmi,Monitor
Rami Hilmi,Psychopaths
Rami Hilmi,Spirits Of The Fall
Rami Hilmi,Tortured
Rami Hilmi,Extraordinary Rendition
Rami Hilmi,KillerKiller
Rami Hilmi,V for Vendetta
Rami Hilmi,Spirits Of The Fall
David Decio,Casino Royale
David Decio,Harry Potter and the Goblet of Fire
David Decio,Harry Potter and the Prisoner of Azkaban
David Decio,Film Stars Don't Die in Liverpool
David Decio,V for Vendetta
David Decio,Shaken and Stirred on Ice
David Decio,A Lump In My Throat
David Decio,The Hitchhiker's Guide to the Galaxy
Nicolas de Pruyssenaere,The Mercator Trail
Nicolas de Pruyssenaere,The Matrix Resurrections
Nicolas de Pruyssenaere,The Hitman's Bodyguard
Nicolas de Pruyssenaere,The Prime Minister
Nicolas de Pruyssenaere,Bobby en de Geestenjagers
Nicolas de Pruyssenaere,The Murder of Princess Diana
Nicolas de Pruyssenaere,V for Vendetta
Nicolas de Pruyssenaere,Retrograde
Nicolas de Pruyssenaere,The Point Men
Nicolas de Pruyssenaere,Beautiful People
Nicolas de Pruyssenaere,The Takeover
Nicolas de Pruyssenaere,Fair Trade
Nicolas de Pruyssenaere,Les Misérables
Nicolas de Pruyssenaere,The Exception
Nicolas de Pruyssenaere,The Return of the Honey Buzzard
Nicolas de Pruyssenaere,Ghost Rockers voor Altijd
Nicolas de Pruyssenaere,Schneider vs. Bax
Nicolas de Pruyssenaere,Dossier K.
Nicolas de Pruyssenaere,Sinterklaasjournaal: De Meezing Moevie
Nicolas de Pruyssenaere,Slaughter Night
Nicolas de Pruyssenaere,V for Vendetta
Nicolas de Pruyssenaere,Mindhunters
Nicolas de Pruyssenaere,The Memory of a Killer
Nicolas de Pruyssenaere,FearDotCom
Chris Wilson,Swede Caroline
Chris Wilson,The Eastern Front
Chris Wilson,Porters
Chris Wilson,The Hitman's Bodyguard
Chris Wilson,Don't Hang Up
Chris Wilson,Exhibition
Chris Wilson,A Thousand Kisses Deep
Chris Wilson,Ill Manors
Chris Wilson,Attack the Block
Chris Wilson,Get Him to the Greek
Chris Wilson,StreetDance 3D
Chris Wilson,Luther
Chris Wilson,The Heavy
Chris Wilson,The Infidel
Chris Wilson,Me and Orson Welles
Chris Wilson,Franklyn
Chris Wilson,The Dark Knight
Chris Wilson,Compulsion
Chris Wilson,Doomsday
Chris Wilson,The Bourne Ultimatum
Chris Wilson,Heroes and Villains
Chris Wilson,The Haunted Airman
Chris Wilson,Alien Autopsy
Chris Wilson,V for Vendetta
Chris Wilson,Waking the Dead
Chris Wilson,Jonathan Creek
Chris Wilson,Midsomer Murders
Chris Wilson,Loot
Forbes KB,Whistle My Lad
Forbes KB,Shame the Devil
Forbes KB,Green Street Hooligans: Underground
Forbes KB,Code Red
Forbes KB,The Fallen Word
Forbes KB,The Zombie King
Forbes KB,U.F.O.
Forbes KB,Confine
Forbes KB,Game of Thrones
Forbes KB,Gulliver's Travels
Forbes KB,A Day Of Violence
Forbes KB,Harry Brown
Forbes KB,Kung Fu Flid
Forbes KB,How to Lose Friends & Alienate People
Forbes KB,This Life +10
Forbes KB,Children of Men
Forbes KB,V for Vendetta
Forbes KB,Hustle
Forbes KB,This Life
Andy Callaghan,The Naked Wanderer
Andy Callaghan,Terror Nation
Andy Callaghan,Children of Men
Andy Callaghan,V for Vendetta
Andy Callaghan,A Cock and Bull Story
Norman Campbell Rees,V for Vendetta
Norman Campbell Rees,Gladiator
Norman Campbell Rees,Blue Black Permanent
Keith How,Ted Lasso
Keith How,Uncut
Keith How,Basic Instinct 2
Keith How,V for Vendetta
Christopher Fosh,The Bromley  Boys
Christopher Fosh,White Powder
Christopher Fosh,The Fallen Word
Christopher Fosh,A Day Of Violence
Christopher Fosh,Gunrush
Christopher Fosh,This Life +10
Christopher Fosh,V for Vendetta
Christopher Fosh,Snatch
Christopher Fosh,This Life
Tony Cook,Dark Ascension
Tony Cook,A Christmas Gift from Bob
Tony Cook,I Am Vengeance: Retaliation
Tony Cook,13 Graves
Tony Cook,Cain Hill
Tony Cook,Contact Lost
Tony Cook,Order of the Ram
Tony Cook,Mistaken
Tony Cook,Malice in Wonderland
Tony Cook,Tom Toal: On the Scrapheap
Tony Cook,Eastern Promises
Tony Cook,V for Vendetta
Tony Cook,Dark Ascension
Tony Cook,Cain Hill
Tony Cook,Dark Ascension
Tony Cook,Contact Lost
William Tapley,The Secret Agent
William Tapley,The Imaginary Girl
William Tapley,Second in Command
William Tapley,The Contract
William Tapley,V for Vendetta
William Tapley,Submerged
William Tapley,The Upside of Anger
William Tapley,Relic Hunter
William Tapley,A Breed of Heroes
William Tapley,Peak Practice
William Tapley,Heartbeat
Michael Simkins,1944: Should We Bomb Auschwitz?
Michael Simkins,Mamma Mia! Here We Go Again
Michael Simkins,The Crown
Michael Simkins,A Touch of Cloth
Michael Simkins,Lewis
Michael Simkins,V for Vendetta
Michael Simkins,Revelations
Michael Simkins,Foyle's War
Michael Simkins,Judge John Deed
Michael Simkins,Topsy-Turvy
Michael Simkins,Trial & Retribution
Michael Simkins,Wilde
Michael Simkins,Midsomer Murders
Michael Simkins,Company
Michael Simkins,Heidi
Michael Simkins,Peak Practice
Michael Simkins,The Detectives
Michael Simkins,A Fatal Inversion
Michael Simkins,Heartbeat
Michael Simkins,The House of Eliott
Michael Simkins,Shoot To Kill
Michael Simkins,The Bill
Michael Simkins,Van der Valk
Richard Laing,Beast
Richard Laing,55 Steps
Richard Laing,Now You See Me 2
Richard Laing,The Rezort
Richard Laing,Skinship
Richard Laing,Gulliver's Travels
Richard Laing,9/11: The Twin Towers
Richard Laing,V for Vendetta
Richard Laing,Batman Begins
Richard Laing,The Dark Room
Richard Laing,Bent
Martin McGlade,"The Thief, His Wife and the Canoe"
Martin McGlade,Verity's Summer
Martin McGlade,V for Vendetta
Martin McGlade,Shiner
Martin McGlade,Doomwatch: Winter Angel
Matt Wilkinson,Thomas & Friends: Sodor's Legend of the Lost Treasure: The Movie
Matt Wilkinson,Thomas & Friends: Blue Mountain Mystery - The Movie
Matt Wilkinson,Trust Me I’m a Genie
Matt Wilkinson,Thomas & Friends: Misty Island Rescue
Matt Wilkinson,The Message
Matt Wilkinson,V for Vendetta
Matt Wilkinson,Thomas & Friends: Best Of James
Matt Wilkinson,Thomas & Friends: Best of Percy
Matt Wilkinson,The Finder
Matt Wilkinson,64 Zoo Lane
Matt Wilkinson,Thomas & Friends: Best Of Thomas
Matt Wilkinson,The Tichborne Claimant
Matt Wilkinson,The Bill
Matt Wilkinson,Thomas & Friends
David Leitch,Hot Air
David Leitch,Red Shirt
David Leitch,Undying Love
David Leitch,Bang!
David Leitch,Kung Fu
David Leitch,Enter the Dragon
David Leitch,Atomic Blonde 2
David Leitch,The Fall Guy
David Leitch,Bullet Train
David Leitch,Snowbrawl
David Leitch,Fast & Furious Presents: Hobbs & Shaw
David Leitch,Once Upon a Deadpool
David Leitch,Deadpool 2
David Leitch,Atomic Blonde
David Leitch,Deadpool: No Good Deed
David Leitch,Teenage Mutant Ninja Turtles: Out of the Shadows
David Leitch,Captain America: Civil War
David Leitch,Hitman: Agent 47
David Leitch,Jurassic World
David Leitch,John Wick
David Leitch,Dracula Untold
David Leitch,Teenage Mutant Ninja Turtles
David Leitch,Anchorman 2: The Legend Continues
David Leitch,In Time
David Leitch,Conan the Barbarian
David Leitch,The Midnight Meat Train
David Leitch,King of Iron Fist Tournament
David Leitch,Bullet Train
David Leitch,Fast & Furious Presents: Hobbs & Shaw
David Leitch,Once Upon a Deadpool
David Leitch,"Blood, Sweat And Terrors"
David Leitch,Deadpool 2
David Leitch,The Wolverine: Path of a Ronin
David Leitch,Escape Plan
David Leitch,The Bourne Legacy
David Leitch,The Mechanic
David Leitch,The King of Fighters
David Leitch,Ninja Assassin
David Leitch,Next
David Leitch,Fetch
David Leitch,300
David Leitch,V for Vendetta
David Leitch,The Dukes of Hazzard
David Leitch,Confessions of an Action Star
David Leitch,In Hell
David Leitch,The Matrix Reloaded
David Leitch,Nine Lives
David Leitch,Ocean's Eleven
David Leitch,The Order
David Leitch,Charmed
David Leitch,Martial Law
David Leitch,The Continental
David Leitch,Ballerina Overdrive
David Leitch,Red Shirt
David Leitch,Bang!
David Leitch,Untitled Nobody Sequel
David Leitch,Skeleton Tree
David Leitch,John Wick: Chapter 5
David Leitch,Fast and Loose
David Leitch,Kung Fu
David Leitch,Versus
David Leitch,Snow Ponies
David Leitch,The Division
David Leitch,Analog
David Leitch,The Fall Guy
David Leitch,John Wick: Chapter 4
David Leitch,Violent Night
David Leitch,Bullet Train
David Leitch,Kate
David Leitch,Nobody
David Leitch,John Wick: Chapter 3 - Parabellum
David Leitch,John Wick: Chapter 2
David Leitch,John Wick
David Leitch,Baby Driver
David Leitch,Assassin's Creed
David Leitch,Jupiter Ascending
David Leitch,In Time
David Leitch,Conan the Barbarian
David Leitch,TRON: Legacy
David Leitch,X-Men Origins: Wolverine
David Leitch,Next
David Leitch,300
David Leitch,V for Vendetta
David Leitch,Serenity
David Leitch,Mr. & Mrs. Smith
David Leitch,Troy
David Leitch,In Hell
David Leitch,Bad Seed
David Leitch,Fight Club
David Leitch,Buffy the Vampire Slayer
David Leitch,Dracula Untold
David Leitch,Confessions of an Action Star
Matthew Bates,Zack Snyder's Justice League
Matthew Bates,Men in Black: International
Matthew Bates,Justice League
Matthew Bates,Babs
Matthew Bates,V for Vendetta
Matthew Bates,Bridget Jones's Diary
Matthew Bates,EastEnders
Matthew Bates,Wishmaster
Eamon Geoghegan,V for Vendetta
Eamon Geoghegan,Hustle
Eamon Geoghegan,Shiner
Eamon Geoghegan,Waking the Dead
Eamon Geoghegan,The Criminal
Eamon Geoghegan,Bad Girls
Eamon Geoghegan,Respect
Eamon Geoghegan,"Sugar, Sugar"
Eamon Geoghegan,Midsomer Murders
Eamon Geoghegan,Brave
Eamon Geoghegan,The Bill
Julie Brown,Fast & Furious Presents: Hobbs & Shaw
Julie Brown,Sense8
Julie Brown,Jupiter Ascending
Julie Brown,Jack the Giant Slayer
Julie Brown,Cloud Atlas
Julie Brown,Conan the Barbarian
Julie Brown,V for Vendetta
Julie Brown,Alexander
Julie Brown,Frank Herbert's Children of Dune
Julie Brown,V for Vendetta
João Costa Menezes,Cinderella
João Costa Menezes,Maleficent
João Costa Menezes,I Give It a Year
João Costa Menezes,28 Weeks Later
João Costa Menezes,Children of Men
João Costa Menezes,Basic Instinct 2
João Costa Menezes,V for Vendetta
João Costa Menezes,Gangster No. 1
João Costa Menezes,Honest
João Costa Menezes,Gladiator
João Costa Menezes,Star Wars: Episode I - The Phantom Menace
João Costa Menezes,Anxiety
Ian T. Dickinson,Das Weiße Haus am Rhein
Ian T. Dickinson,The Keeper
Ian T. Dickinson,The Dark Side of the Moon
Ian T. Dickinson,Weak Heart Drop
Ian T. Dickinson,The Power
Ian T. Dickinson,"Die Frau, die sich traut"
Ian T. Dickinson,Odyssey of Heroes
Ian T. Dickinson,Passion
Ian T. Dickinson,Konrad Adenauer - Hours of Decision
Ian T. Dickinson,Liebe deinen Feind
Ian T. Dickinson,Tom Atkins Blues
Ian T. Dickinson,8
Ian T. Dickinson,V for Vendetta
Ian T. Dickinson,Final Contract: Death on Delivery
Ian T. Dickinson,Paul Is Dead
Ian T. Dickinson,Lexx
Madeleine Rakic-Platt,Torchwood
Madeleine Rakic-Platt,V for Vendetta
Madeleine Rakic-Platt,Sarah Smile
Malcolm Sinclair,Star Wars: Andor
Malcolm Sinclair,The Man Who Knew Infinity
Malcolm Sinclair,Victoria Wood - That Musical We Made
Malcolm Sinclair,That Day We Sang
Malcolm Sinclair,Salting the Battlefield
Malcolm Sinclair,National Theatre Live: 50 Years on Stage
Malcolm Sinclair,A Belfast Story
Malcolm Sinclair,Parade's End
Malcolm Sinclair,The Hollow Crown
Malcolm Sinclair,The Young Victoria
Malcolm Sinclair,Daphne
Malcolm Sinclair,Casino Royale
Malcolm Sinclair,The Amazing Mrs Pritchard
Malcolm Sinclair,Rabbit Fever
Malcolm Sinclair,V for Vendetta
Malcolm Sinclair,Falling
Malcolm Sinclair,Hustle
Malcolm Sinclair,Secret Passage
Malcolm Sinclair,The Statement
Malcolm Sinclair,Judge John Deed
Malcolm Sinclair,Anybody's Nightmare
Malcolm Sinclair,Murder Rooms: Mysteries of the Real Sherlock Holmes
Malcolm Sinclair,Victoria & Albert
Malcolm Sinclair,Anna Karenina
Malcolm Sinclair,Relic Hunter
Malcolm Sinclair,Keep the Aspidistra Flying
Malcolm Sinclair,Midsomer Murders
Malcolm Sinclair,The Writing on the Wall
Malcolm Sinclair,The Young Poisoner's Handbook
Malcolm Sinclair,The Last Machine
Malcolm Sinclair,Pie in the Sky
Malcolm Sinclair,Scarlet and Black
Malcolm Sinclair,God on the Rocks
Malcolm Sinclair,A Touch of Frost
Malcolm Sinclair,The Big Battalions
Malcolm Sinclair,Hancock
Malcolm Sinclair,Sweet Nothing
Malcolm Sinclair,French Fields
Malcolm Sinclair,Agatha Christie's Poirot
Malcolm Sinclair,Me and the Girls
Malcolm Sinclair,The Prisoner of Zenda
Malcolm Sinclair,The Bill
Malcolm Sinclair,Success Is the Best Revenge
Malcolm Sinclair,Rumpole of the Bailey
Joseph Rye,Penny on M.A.R.S.
Joseph Rye,Field Punishment No.1
Joseph Rye,Life Is Hot in Cracktown
Joseph Rye,V for Vendetta
Joseph Rye,Batman Begins
Joseph Rye,AVP: Alien vs. Predator
Joseph Rye,Living in Hope
Juliet Howland,The Wheel of Time
Juliet Howland,Innocent
Juliet Howland,Scott and Sid
Juliet Howland,The Secret
Juliet Howland,The Last Photograph
Juliet Howland,V for Vendetta
Juliet Howland,The Painted Veil
Juliet Howland,Colditz
Juliet Howland,Two Brothers
Juliet Howland,Iris
Juliet Howland,One Night Stand
Juliet Howland,Agatha Christie's Poirot
Oliver Bradshaw,V for Vendetta
Oliver Bradshaw,The Tell-Tale Heart
Oliver Bradshaw,Cyberon
Oliver Bradshaw,Agatha Christie's Poirot
John Ringham,V for Vendetta
John Ringham,The Secret of Eel Island
John Ringham,Remembering 'The Aztecs'
John Ringham,Making Cocoa
John Ringham,Melissa
John Ringham,The Piglet Files
John Ringham,Birds of a Feather
John Ringham,The Luddites
John Ringham,Hannay
John Ringham,Woof!
John Ringham,The New Statesman
John Ringham,Theban Plays: Antigone
John Ringham,Casualty
John Ringham,The Bill
John Ringham,Sherlock Holmes
John Ringham,Just Good Friends
John Ringham,Taggart
John Ringham,The Cleopatras
John Ringham,The Barchester Chronicles
John Ringham,Rating Notman
John Ringham,No Visible Scar
John Ringham,Bergerac
John Ringham,Minder
John Ringham,Pennies from Heaven
John Ringham,All Creatures Great and Small
John Ringham,Raffles
John Ringham,Rogue Male
John Ringham,The Ghosts of Motley Hall
John Ringham,After the Solo
John Ringham,Poldark
John Ringham,Angels
John Ringham,Robin Hood Junior
John Ringham,The Aweful Mr. Goodall
John Ringham,Warship
John Ringham,Some Mothers Do 'Ave 'Em
John Ringham,The Death of Adolf Hitler
John Ringham,Colditz
John Ringham,Crown Court
John Ringham,The Protectors
John Ringham,War and Peace
John Ringham,Are You Being Served?
John Ringham,To Encourage the Others
John Ringham,Justice
John Ringham,Barlow
John Ringham,Doctor Who: Colony in Space
John Ringham,Catweazle
John Ringham,The First Churchills
John Ringham,The Flaxton Boys
John Ringham,Nana
John Ringham,The Railway Children
John Ringham,The First Lady
John Ringham,The Solarnauts
John Ringham,Doctor Who: The Smugglers
John Ringham,David Copperfield
John Ringham,"Softly, Softly"
John Ringham,Play of the Month
John Ringham,Doctor Who: The Aztecs
John Ringham,Doctor Who
John Ringham,The Saint
John Ringham,Studio Four
John Ringham,Z-Cars
John Ringham,Very Important Person
John Ringham,The Avengers
John Ringham,An Age of Kings
John Ringham,No Hiding Place
John Ringham,Hawkeye and the Last of the Mohicans
Charles Cork,Never Let Me Go
Charles Cork,V for Vendetta
Charles Cork,Snatch
Charles Cork,The Messenger: The Story of Joan of Arc
Charles Cork,Fever Pitch
Charles Cork,I Hired a Contract Killer
Charles Cork,Dance with a Stranger
Charles Cork,Sherlock Holmes
Charles Cork,Venom
Charles Cork,The Long Good Friday
Charles Cork,McVicar
Charles Cork,The Great Riviera Bank Robbery
Charles Cork,Minder
Charles Cork,Out
Charles Cork,Law & Order
Charles Cork,Enemy at the Door
Charles Cork,The Professionals
Charles Cork,Nightmare for a Nightingale
Charles Cork,Days of Hope
Mark Longhurst,V for Vendetta
Richard Campbell,The Little Stranger
Richard Campbell,The Imitation Game
Richard Campbell,V for Vendetta
Amelda Brown,Monochrome
Amelda Brown,Ellen
Amelda Brown,Notes on Blindness
Amelda Brown,All Men's Dead
Amelda Brown,Harry Potter and the Half-Blood Prince
Amelda Brown,The Fixer
Amelda Brown,V for Vendetta
Amelda Brown,Bleak House
Amelda Brown,Hex
Amelda Brown,Waking the Dead
Amelda Brown,Blood
Amelda Brown,The Thin Blue Line
Amelda Brown,Backup
Amelda Brown,Sister My Sister
Amelda Brown,Pie in the Sky
Amelda Brown,Peak Practice
Amelda Brown,A Touch of Frost
Amelda Brown,Dakota Road
Amelda Brown,Little Dorrit
Amelda Brown,Hope and Glory
Amelda Brown,Casualty
Amelda Brown,Lovejoy
Amelda Brown,The Bill
Amelda Brown,Sherlock Holmes
Amelda Brown,Biddy
Amelda Brown,Minder
Antje Rau,Nächste Ausfahrt Glück - Beste Freundinnen
Antje Rau,Nächste Ausfahrt Glück – Juris Rückkehr
Antje Rau,The Last Word
Antje Rau,The Kangaroo Chronicles
Antje Rau,The Zookeeper's Wife
Antje Rau,Lotte Jäger und das tote Mädchen
Antje Rau,Der Metzger muß nachsitzen
Antje Rau,Der Metzger und der Tote im Haifischbecken
Antje Rau,The Book Thief
Antje Rau,The Little Ghost
Antje Rau,Hansel & Gretel: Witch Hunters
Antje Rau,Inglourious Basterds
Antje Rau,V for Vendetta
Antje Rau,Die Sturmflut
Antje Rau,Full Employment
Antje Rau,V for Vendetta
Chad Stahelski,Rainbow Six
Chad Stahelski,Shibumi
Chad Stahelski,Ghost of Tsushima
Chad Stahelski,Classified
Chad Stahelski,Arcana
Chad Stahelski,John Wick: Chapter 5
Chad Stahelski,Sandman Slim
Chad Stahelski,Analog
Chad Stahelski,Highlander
Chad Stahelski,John Wick: Chapter 4
Chad Stahelski,Birds of Prey (and the Fantabulous Emancipation of One Harley Quinn)
Chad Stahelski,John Wick: Chapter 3 - Parabellum
Chad Stahelski,John Wick: Chapter 2
Chad Stahelski,Captain America: Civil War
Chad Stahelski,Grimsby
Chad Stahelski,Hitman: Agent 47
Chad Stahelski,John Wick
Chad Stahelski,The Hunger Games
Chad Stahelski,2nd Unit: Invisible Action Stars
Chad Stahelski,The Matrix Resurrections
Chad Stahelski,The Art of Action
Chad Stahelski,John Wick Chapter 2: Wick-vizzed
Chad Stahelski,"As Above, So Below: The Underworld of 'John Wick'"
Chad Stahelski,The World Is Watching: Making the Hunger Games
Chad Stahelski,The Mechanic
Chad Stahelski,Live Free or Die Hard
Chad Stahelski,Next
Chad Stahelski,V for Vendetta
Chad Stahelski,Switchfoot Live in San Diego
Chad Stahelski,Kung Pow: Enter the Fist
Chad Stahelski,The Matrix Revisited
Chad Stahelski,Vampires
Chad Stahelski,Recoil
Chad Stahelski,Buffy the Vampire Slayer
Chad Stahelski,Bloodsport III
Chad Stahelski,The Glimmer Man
Chad Stahelski,Nemesis 3: Time Lapse
Chad Stahelski,Bloodsport II
Chad Stahelski,Nemesis 2: Nebula
Chad Stahelski,Heatseeker
Chad Stahelski,Spitfire
Chad Stahelski,Hong Kong 97
Chad Stahelski,The Crow
Chad Stahelski,Mission of Justice
Chad Stahelski,Baby Driver
Chad Stahelski,The Hunger Games: Catching Fire
Chad Stahelski,After Earth
Chad Stahelski,The Hunger Games
Chad Stahelski,Sherlock Holmes: A Game of Shadows
Chad Stahelski,The Expendables
Chad Stahelski,X-Men Origins: Wolverine
Chad Stahelski,Next
Chad Stahelski,V for Vendetta
Chad Stahelski,Serenity
Chad Stahelski,Mr. & Mrs. Smith
Chad Stahelski,Constantine
Chad Stahelski,Rock Star
Chad Stahelski,The Matrix
Chad Stahelski,8MM
Chad Stahelski,My Favorite Martian
Chad Stahelski,CHiPs '99
Chad Stahelski,The Continental
Chad Stahelski,Rainbow Six
Chad Stahelski,Shibumi
Chad Stahelski,Ghost of Tsushima
Chad Stahelski,Classified
Chad Stahelski,Arcana
Chad Stahelski,John Wick: Chapter 5
Chad Stahelski,The Man From Nowhere
Chad Stahelski,Ballerina
Chad Stahelski,Snow Ponies
Chad Stahelski,Analog
Chad Stahelski,John Wick: Chapter 4
Chad Stahelski,Day Shift
Chad Stahelski,John Wick: Chapter 3 - Parabellum
Chad Stahelski,John Wick: Chapter 2
Andy Rashleigh,Albion Market
Andy Rashleigh,Finding Your Feet
Andy Rashleigh,V for Vendetta
Andy Rashleigh,Nowhere in Africa
Andy Rashleigh,The Six Wives of Henry VIII
Andy Rashleigh,Bad Girls
Andy Rashleigh,Get Real
Andy Rashleigh,Dalziel & Pascoe
Andy Rashleigh,Richard III
Andy Rashleigh,Funny Bones
Andy Rashleigh,Out of the Blue
Andy Rashleigh,Wide-Eyed and Legless
Andy Rashleigh,Peak Practice
Andy Rashleigh,The Long Roads
Andy Rashleigh,Heartbeat
Andy Rashleigh,Casualty
Andy Rashleigh,Lovejoy
Andy Rashleigh,EastEnders
Andy Rashleigh,Sherlock Holmes
Andy Rashleigh,The Ploughman's Lunch
Andy Rashleigh,Ends and Means
Andy Rashleigh,Acceptable Levels
Andy Rashleigh,Brideshead Revisited
Andy Rashleigh,Life for Christine
Andy Rashleigh,Minder
Roderic Culver,Twenty Twelve
Roderic Culver,28 Weeks Later
Roderic Culver,Torchwood
Roderic Culver,V for Vendetta
Roderic Culver,Hustle
Roderic Culver,Rosemary & Thyme
Roderic Culver,Heartbeat
Megan Gay,The Net – Prometheus
Megan Gay,Ramstein - Das durchstoßene Herz
Megan Gay,Ein Sommer in der Toskana
Megan Gay,Chris the Swiss
Megan Gay,Ein Sommer in Vietnam
Megan Gay,Sanctuary
Megan Gay,Weak Heart Drop
Megan Gay,Neue Natur: Art Girls Intern
Megan Gay,Phoenix
Megan Gay,Art Girls
Megan Gay,Somewhere Else Tomorrow
Megan Gay,Zu schön um wahr zu sein
Megan Gay,Hindenburg: The Last Flight
Megan Gay,Tom Atkins Blues
Megan Gay,8
Megan Gay,Berlin Calling
Megan Gay,Speed Racer
Megan Gay,Fay Grim
Megan Gay,V for Vendetta
Megan Gay,Æon Flux
Megan Gay,One Day in Europe
Cosima Shaw,Treadstone
Cosima Shaw,Jupiter
Cosima Shaw,Forget About Nick
Cosima Shaw,Whiskers and Jane
Cosima Shaw,Mars
Cosima Shaw,Clean Sheets
Cosima Shaw,The Danish Girl
Cosima Shaw,The von Trapp Family: A Life of Music
Cosima Shaw,Narcopolis
Cosima Shaw,Papadopoulos & Sons
Cosima Shaw,Letzte Spur Berlin
Cosima Shaw,The Fourth State
Cosima Shaw,Stolen
Cosima Shaw,Finding Joy
Cosima Shaw,Zen
Cosima Shaw,Rosamunde Pilcher: Im Zweifel für die Liebe
Cosima Shaw,Doctor Who: The Waters of Mars
Cosima Shaw,GSG 9 -  Ihr Einsatz ist ihr Leben
Cosima Shaw,V for Vendetta
Cosima Shaw,Doctor Who
Cosima Shaw,Alfie
Cosima Shaw,Trevor's World of Sport
Cosima Shaw,Coupling
Cosima Shaw,Alarm for Cobra 11: The Motorway Police
Guy Henry,Roadkill
Guy Henry,The Devil's Harmony
Guy Henry,The Krays: Dead Man Walking
Guy Henry,The Nightmare on Deskteeth Street
Guy Henry,Retribution
Guy Henry,The Stories: The Making of 'Rogue One: A Star Wars Story'
Guy Henry,Rogue One: A Star Wars Story
Guy Henry,Life In Squares
Guy Henry,Done In
Guy Henry,New Worlds
Guy Henry,Callow & Sons
Guy Henry,Count Arthur Strong
Guy Henry,Father Brown
Guy Henry,Harry Potter and the Deathly Hallows: Part 2
Guy Henry,Harry Potter and the Deathly Hallows: Part 1
Guy Henry,Murderland
Guy Henry,U Be Dead
Guy Henry,Creation
Guy Henry,Framed
Guy Henry,Margaret
Guy Henry,Good
Guy Henry,Wallander
Guy Henry,Lost in Austen
Guy Henry,John Adams
Guy Henry,Filth and Wisdom
Guy Henry,Lewis
Guy Henry,The Trial of Tony Blair
Guy Henry,Starter for 10
Guy Henry,The Chase
Guy Henry,Kenneth Williams: Fantabulosa!
Guy Henry,V for Vendetta
Guy Henry,The IT Crowd
Guy Henry,Rome
Guy Henry,Extras
Guy Henry,Colditz
Guy Henry,Sherlock Holmes and the Case of the Silk Stocking
Guy Henry,Hustle
Guy Henry,The Young Visiters
Guy Henry,Home
Guy Henry,Bright Young Things
Guy Henry,Foyle's War
Guy Henry,Fields of Gold
Guy Henry,Sword of Honour
Guy Henry,Waking the Dead
Guy Henry,Holby City
Guy Henry,Trial & Retribution
Guy Henry,Caught in the Act
Guy Henry,The Grand
Guy Henry,Midsomer Murders
Guy Henry,Emma
Guy Henry,"England, My England"
Guy Henry,Peak Practice
Guy Henry,Stay Lucky
Guy Henry,Agatha Christie's Poirot
Guy Henry,Casualty
Guy Henry,Lady Jane
Guy Henry,Family Ties Vacation
Guy Henry,Another Country
Guy Henry,Young Sherlock: The Mystery of the Manor House
Guy Henry,Rumpole of the Bailey
Billie Cook,V for Vendetta
Billie Cook,Vera Drake
Billie Cook,The Sins
Alister Mazzotti,O Beautiful Night
Alister Mazzotti,Badla
Alister Mazzotti,Renegades
Alister Mazzotti,Prora
Alister Mazzotti,Crash Point: Berlin
Alister Mazzotti,Die Aufschneider
Alister Mazzotti,The Lives of Others
Alister Mazzotti,V for Vendetta
Alister Mazzotti,Around the World in 80 Days
Alister Mazzotti,The Pianist
Alister Mazzotti,Two in a Boat
Alister Mazzotti,Sapphire Blue
Alister Mazzotti,Arena of the Street Fighter
Alister Mazzotti,The Ghost Writer
Alister Mazzotti,V for Vendetta
Mark Phoenix,The Autopsy of Jane Doe
Mark Phoenix,Outlander
Mark Phoenix,My Almost Famous Family
Mark Phoenix,V for Vendetta
Mark Phoenix,EastEnders
Ian Burfield,The Capture
Ian Burfield,The Angel of Auschwitz
Ian Burfield,Hatton Garden: The Heist
Ian Burfield,Criminal
Ian Burfield,Humans
Ian Burfield,The Selfish Giant
Ian Burfield,The Secret of Crickley Hall
Ian Burfield,National Theatre Live: The Comedy of Errors
Ian Burfield,Acts of Godfrey
Ian Burfield,National Theatre Live: The Kitchen
Ian Burfield,Vera
Ian Burfield,The International
Ian Burfield,Merlin
Ian Burfield,V for Vendetta
Ian Burfield,Tomorrow La Scala!
Ian Burfield,In the Beginning
Ian Burfield,Waking the Dead
Ian Burfield,Circus
Ian Burfield,Parent's Night
Ian Burfield,The Investigator
Ian Burfield,Hetty Wainthropp Investigates
Ian Burfield,The Plant
Ian Burfield,Peak Practice
Ian Burfield,Heartbeat
Ian Burfield,The Krays
Ian Burfield,Casualty
Ian Burfield,EastEnders
Ian Burfield,Hatton Garden: The Heist
Emma Field-Rayner,Club Zero
Emma Field-Rayner,The Favourite
Emma Field-Rayner,Ex Machina
Emma Field-Rayner,A Mighty Heart
Emma Field-Rayner,Creep
Emma Field-Rayner,V for Vendetta
Emma Field-Rayner,Goal!
Clive Ashborn,The Love Witch
Clive Ashborn,Total Recall
Clive Ashborn,Pirates of the Caribbean: Dead Man's Chest
Clive Ashborn,V for Vendetta
Clive Ashborn,Experiment
Imogen Poots,The Teacher
Imogen Poots,The Chronology of Water
Imogen Poots,The Sleeping Shepherd
Imogen Poots,Outer Range
Imogen Poots,French Exit
Imogen Poots,Castle in the Ground
Imogen Poots,The Father
Imogen Poots,I Know This Much Is True
Imogen Poots,Black Christmas
Imogen Poots,Vivarium
Imogen Poots,The Art of Self-Defense
Imogen Poots,Age Out
Imogen Poots,Mobile Homes
Imogen Poots,I Kill Giants
Imogen Poots,Sweet Virginia
Imogen Poots,National Theatre Live: Edward Albee's Who's Afraid of Virginia Woolf?
Imogen Poots,Have Had
Imogen Poots,Frank & Lola
Imogen Poots,Killing for Love
Imogen Poots,Roadies
Imogen Poots,Popstar: Never Stop Never Stopping
Imogen Poots,A Country Called Home
Imogen Poots,Green Room
Imogen Poots,Knight of Cups
Imogen Poots,She's Funny That Way
Imogen Poots,A Long Way Down
Imogen Poots,Need for Speed
Imogen Poots,Off Camera with Sam Jones
Imogen Poots,That Awkward Moment
Imogen Poots,Filth
Imogen Poots,Jimi: All Is by My Side
Imogen Poots,Greetings from Tim Buckley
Imogen Poots,The Look of Love
Imogen Poots,Discord and Harmony: Creating a Late Quartet
Imogen Poots,The Last Leg
Imogen Poots,A Late Quartet
Imogen Poots,Comes a Bright Day
Imogen Poots,Fright Night
Imogen Poots,Waking Madison
Imogen Poots,Christopher and His Kind
Imogen Poots,Rule Number Three
Imogen Poots,Jane Eyre
Imogen Poots,Bouquet of Barbed Wire
Imogen Poots,Chatroom
Imogen Poots,Centurion
Imogen Poots,Cracks
Imogen Poots,Me and Orson Welles
Imogen Poots,Solitary Man
Imogen Poots,Miss Austen Regrets
Imogen Poots,Code Red: The Making of '28 Weeks Later'
Imogen Poots,Wish
Imogen Poots,28 Weeks Later
Imogen Poots,V for Vendetta
Imogen Poots,The Late Late Show with Craig Ferguson
Imogen Poots,Casualty
Imogen Poots,Vivarium
John Standing,May… I Have This Dance?
John Standing,A Family Affair
John Standing,Churchill and the Movie Mogul
John Standing,King Lear
John Standing,Patrick Melrose
John Standing,The Happy Prince
John Standing,The Hippopotamus
John Standing,Churchill's Secret
John Standing,Queen & Country
John Standing,The Last Resort
John Standing,Rosamunde Pilcher: The Other Wife
John Standing,Borgia
John Standing,Game of Thrones
John Standing,The Shadow in the North
John Standing,Consenting Adults
John Standing,The Contractor
John Standing,I Want Candy
John Standing,Fallen Angel
John Standing,Rabbit Fever
John Standing,Scoop
John Standing,The Line of Beauty
John Standing,V for Vendetta
John Standing,Lassie
John Standing,Animal
John Standing,A Good Woman
John Standing,King Solomon's Mines
John Standing,Shoreditch
John Standing,Keen Eddie
John Standing,The Real Jane Austen
John Standing,The Gathering Storm
John Standing,The Falklands Play
John Standing,Pandaemonium
John Standing,In Deep
John Standing,Queen's Messenger
John Standing,Love in a Cold Climate
John Standing,Longitude
John Standing,The Calling
John Standing,Mad Cows
John Standing,Rogue Trader
John Standing,8 ½ Women
John Standing,The Vice
John Standing,The Man Who Knew Too Little
John Standing,A Dance to the Music of Time
John Standing,Mrs. Dalloway
John Standing,Midsomer Murders
John Standing,The Woman In White
John Standing,Gulliver's Travels
John Standing,The Choir
John Standing,Riders
John Standing,Old Boy Network
John Standing,The Count of Solar
John Standing,Drug Wars: The Cocaine Cartel
John Standing,"Eerie, Indiana"
John Standing,Paddington Bear
John Standing,The Endless Game
John Standing,Dark Holiday
John Standing,Agatha Christie's Poirot
John Standing,Murphy's Law
John Standing,Flapjack Floozie
John Standing,Nightflyers
John Standing,Visitors
John Standing,L.A. Law
John Standing,Lime Street
John Standing,The Biko Inquest
John Standing,Hunter
John Standing,To Catch a King
John Standing,Privates on Parade
John Standing,Invitation to the Wedding
John Standing,Hotel
John Standing,The Elephant Man
John Standing,The Sea Wolves
John Standing,The Other 'Arf
John Standing,Shillingbury Tales
John Standing,Hart to Hart
John Standing,Tinker Tailor Soldier Spy
John Standing,The Class Of Miss MacMichael
John Standing,The Legacy
John Standing,Beryl Reid
John Standing,The Eagle Has Landed
John Standing,Rogue Male
John Standing,Space: 1999
John Standing,Van der Valk
John Standing,Au Pair Girls
John Standing,The Rivals of Sherlock Holmes
John Standing,Zee and Co.
John Standing,All the Right Noises
John Standing,Charley's Aunt
John Standing,The First Churchills
John Standing,A Touch of Love
John Standing,The Main Chance
John Standing,Torture Garden
John Standing,The Psychopath
John Standing,Walk Don't Run
John Standing,King Rat
John Standing,Thirty-Minute Theatre
John Standing,Hot Enough for June
John Standing,The Iron Maiden
John Standing,The Wild and the Willing
John Standing,The Saint
John Standing,A Pair of Briefs
John Standing,The Avengers
Eddie Marsan,The Winter King
Eddie Marsan,Emperor
Eddie Marsan,Firebrand
Eddie Marsan,Sherlock Holmes 3
Eddie Marsan,Back to Black
Eddie Marsan,Midas Man
Eddie Marsan,The Power
Eddie Marsan,Fair Play
Eddie Marsan,Operation Fortune: Ruse de Guerre
Eddie Marsan,Vesper
Eddie Marsan,Charlotte
Eddie Marsan,"The Thief, His Wife and the Canoe"
Eddie Marsan,Choose or Die
Eddie Marsan,The Contractor
Eddie Marsan,Ray Donovan: The Movie
Eddie Marsan,Ridley Road
Eddie Marsan,Flag Day
Eddie Marsan,Deceit
Eddie Marsan,The Virtuoso
Eddie Marsan,Wrath of Man
Eddie Marsan,The Gentlemen
Eddie Marsan,Pets United
Eddie Marsan,Abigail
Eddie Marsan,Fast & Furious Presents: Hobbs & Shaw
Eddie Marsan,The Professor and the Madman
Eddie Marsan,Hostage Radio
Eddie Marsan,Vice
Eddie Marsan,Once Upon a Deadpool
Eddie Marsan,Mowgli: Legend of the Jungle
Eddie Marsan,White Boy Rick
Eddie Marsan,Deadpool 2
Eddie Marsan,7 Days in Entebbe
Eddie Marsan,Mark Felt: The Man Who Brought Down the White House
Eddie Marsan,Atomic Blonde
Eddie Marsan,The Exception
Eddie Marsan,Their Finest
Eddie Marsan,Women Who Kill
Eddie Marsan,Urban Myths
Eddie Marsan,A Kind of Murder
Eddie Marsan,The Limehouse Golem
Eddie Marsan,Concussion
Eddie Marsan,River
Eddie Marsan,Jonathan Strange & Mr Norrell
Eddie Marsan,Galavant
Eddie Marsan,The One and Only Mike Leigh
Eddie Marsan,Broadmoor - Inside Britain's Highest Security Psychiatric Hospital
Eddie Marsan,God's Pocket
Eddie Marsan,X+Y
Eddie Marsan,Still Life
Eddie Marsan,Filth
Eddie Marsan,Southcliffe
Eddie Marsan,The World's End
Eddie Marsan,Ray Donovan
Eddie Marsan,Jack the Giant Slayer
Eddie Marsan,The Best of Men
Eddie Marsan,A Running Jump
Eddie Marsan,Walking the Dogs
Eddie Marsan,Snow White and the Huntsman
Eddie Marsan,Boys On Film 8: Cruel Britannia
Eddie Marsan,"I, Anna"
Eddie Marsan,War Horse
Eddie Marsan,Sherlock Holmes: A Game of Shadows
Eddie Marsan,Junkhearts
Eddie Marsan,Tyrannosaur
Eddie Marsan,Moby Dick
Eddie Marsan,London Boulevard
Eddie Marsan,Thorne: Sleepyhead
Eddie Marsan,Dive
Eddie Marsan,Man and Boy
Eddie Marsan,Sherlock Holmes
Eddie Marsan,Me and Orson Welles
Eddie Marsan,Heartless
Eddie Marsan,The Disappearance of Alice Creed
Eddie Marsan,Red Riding: The Year of Our Lord 1974
Eddie Marsan,Red Riding: The Year of Our Lord 1980
Eddie Marsan,The 39 Steps
Eddie Marsan,Little Dorrit
Eddie Marsan,Merlin
Eddie Marsan,God on Trial
Eddie Marsan,Hancock
Eddie Marsan,Criminal Justice
Eddie Marsan,Happy-Go-Lucky
Eddie Marsan,Faintheart
Eddie Marsan,The Sarah Jane Adventures
Eddie Marsan,Grow Your Own
Eddie Marsan,I Want Candy
Eddie Marsan,Sixty Six
Eddie Marsan,The Illusionist
Eddie Marsan,Miami Vice
Eddie Marsan,Mission: Impossible III
Eddie Marsan,V for Vendetta
Eddie Marsan,The New World
Eddie Marsan,The Secret Life of Words
Eddie Marsan,Pierrepoint: The Last Hangman
Eddie Marsan,Match Point
Eddie Marsan,Beowulf & Grendel
Eddie Marsan,Friends & Crocodiles
Eddie Marsan,Shadow of the Sword
Eddie Marsan,Vera Drake
Eddie Marsan,Quite Ugly One Morning
Eddie Marsan,The Rocket Post
Eddie Marsan,Caught in the Act
Eddie Marsan,Post
Eddie Marsan,Cheeky
Eddie Marsan,21 Grams
Eddie Marsan,Gangs of New York
Eddie Marsan,Bodily Harm
Eddie Marsan,The Bunker
Eddie Marsan,The Lost Empire
Eddie Marsan,The Emperor's New Clothes
Eddie Marsan,Peaches
Eddie Marsan,Gangster No. 1
Eddie Marsan,Mad Cows
Eddie Marsan,Janice Beard 45 WPM
Eddie Marsan,Plastic Man
Eddie Marsan,This Year's Love
Eddie Marsan,The Vice
Eddie Marsan,You Are Here
Eddie Marsan,B. Monkey
Eddie Marsan,Crime and Punishment
Eddie Marsan,The Man Who Knew Too Little
Eddie Marsan,Game On
Eddie Marsan,Kavanagh Q.C.
Eddie Marsan,The Piglet Files
Eddie Marsan,Didn't You Kill My Brother?
Eddie Marsan,Casualty
Eddie Marsan,The Comic Strip Presents
Ben Miles,Hijack
Ben Miles,Tetris
Ben Miles,Canary Black
Ben Miles,Star Wars: Andor
Ben Miles,Hilary Mantel: Return to Wolf Hall
Ben Miles,The Trial of Christine Keeler
Ben Miles,The Capture
Ben Miles,National Theatre Live: The Lehman Trilogy
Ben Miles,The Romanoffs
Ben Miles,Red Joan
Ben Miles,Collateral
Ben Miles,Joe Orton Laid Bare
Ben Miles,The Last Post
Ben Miles,Bob the Builder: Mega Machines - The Movie
Ben Miles,The Crown
Ben Miles,Woman in Gold
Ben Miles,Dracula
Ben Miles,Five Years
Ben Miles,The Hollow Crown
Ben Miles,Black Mirror
Ben Miles,The Murder at Road Hill House
Ben Miles,The Promise
Ben Miles,Zen
Ben Miles,Pulse
Ben Miles,Ninja Assassin
Ben Miles,Speed Racer
Ben Miles,Freezing
Ben Miles,Lark Rise to Candleford
Ben Miles,To Be First
Ben Miles,"Sex, the City and Me"
Ben Miles,After Thomas
Ben Miles,Bon Voyage
Ben Miles,V for Vendetta
Ben Miles,Under The Greenwood Tree
Ben Miles,Imagine Me & You
Ben Miles,Mr Harvey Lights a Candle
Ben Miles,The Government Inspector
Ben Miles,A Thing Called Love
Ben Miles,Hustle
Ben Miles,Sea of Souls
Ben Miles,Prime Suspect 6
Ben Miles,Three Blind Mice
Ben Miles,The Project
Ben Miles,The Forsyte Saga
Ben Miles,The Affair of the Necklace
Ben Miles,The Innocent
Ben Miles,Coupling
Ben Miles,Cold Feet
Ben Miles,The Life and Crimes of William Palmer
Ben Miles,Keep the Aspidistra Flying
Ben Miles,Trial & Retribution
Ben Miles,The Wings of the Dove
Ben Miles,Melissa
Ben Miles,"Paris, Brixton"
Ben Miles,Measure for Measure
Ben Miles,Peak Practice
Ben Miles,Prime Suspect
Ben Miles,The Bill
Roger Allam,Tetris
Roger Allam,Fugue
Roger Allam,Sarah & Duck: New Challenges
Roger Allam,The Sandman
Roger Allam,Murder in Provence
Roger Allam,Say Your Prayers
Roger Allam,Uncle Vanya
Roger Allam,The Hippopotamus
Roger Allam,Ethel & Ernest
Roger Allam,The Truth Commissioner
Roger Allam,The Lady in the Van
Roger Allam,Mr. Holmes
Roger Allam,A Royal Night Out
Roger Allam,The Missing
Roger Allam,The Tempest - Live at Shakespeare's Globe
Roger Allam,The Book Thief
Roger Allam,National Theatre Live: 50 Years on Stage
Roger Allam,The Politician's Husband
Roger Allam,Endeavour
Roger Allam,Parade's End
Roger Allam,Parade's End
Roger Allam,Bad Education
Roger Allam,"Henry IV, Part 2 - Live at Shakespeare's Globe"
Roger Allam,The Angels' Share
Roger Allam,"Henry IV, Part 1 - Live at Shakespeare's Globe"
Roger Allam,The Woman in Black
Roger Allam,The Iron Lady
Roger Allam,The 1951 Festival of Britain: A Brave New World
Roger Allam,Pirates of the Caribbean: On Stranger Tides
Roger Allam,Game of Thrones
Roger Allam,Tamara Drewe
Roger Allam,Krod Mandoon and the Flaming Sword of Fire
Roger Allam,Margaret
Roger Allam,The Old Guys
Roger Allam,Inkheart
Roger Allam,Speed Racer
Roger Allam,The Curse of Steptoe
Roger Allam,Ashes to Ashes
Roger Allam,The Rise of the Nutters
Roger Allam,A Class Apart
Roger Allam,The Queen
Roger Allam,The Wind That Shakes the Barley
Roger Allam,V for Vendetta
Roger Allam,A Cock and Bull Story
Roger Allam,The Thick of It
Roger Allam,The Robinsons
Roger Allam,The Roman Spring of Mrs. Stone
Roger Allam,Foyle's War
Roger Allam,Stranded
Roger Allam,Spooks
Roger Allam,The Inspector Lynley Mysteries
Roger Allam,Manchild
Roger Allam,The Jury
Roger Allam,Stranded
Roger Allam,Waking the Dead
Roger Allam,RKO 281
Roger Allam,The Creatives
Roger Allam,Midsomer Murders
Roger Allam,Henry IV
Roger Allam,A Landing on the Sun
Roger Allam,Between the Lines
Roger Allam,Heartbeat
Roger Allam,Who Bombed Birmingham?
Roger Allam,Wilt
Roger Allam,Ending Up
Rupert Graves,Burning Girls
Rupert Graves,The Merchant Ivory Family - An Oral History
Rupert Graves,Seacole
Rupert Graves,Smyrna
Rupert Graves,Dalíland
Rupert Graves,Wolves of War
Rupert Graves,McDonald & Dodds
Rupert Graves,Emma.
Rupert Graves,The War of the Worlds
Rupert Graves,Horrible Histories: The Movie - Rotten Romans
Rupert Graves,Special Couple
Rupert Graves,Silencio
Rupert Graves,Swimming with Men
Rupert Graves,Krypton
Rupert Graves,Native
Rupert Graves,Sacrifice
Rupert Graves,The Family
Rupert Graves,The Nightmare Worlds of H.G. Wells
Rupert Graves,Mark Gatiss: A Study in Sherlock
Rupert Graves,Sherlock: The Abominable Bride
Rupert Graves,Rosamunde Pilcher: Fighting for Her Family
Rupert Graves,Bone in the Throat
Rupert Graves,12 Monkeys
Rupert Graves,Alistair MacLean's Air Force One Is Down
Rupert Graves,The Crimson Field
Rupert Graves,Salting the Battlefield
Rupert Graves,Turks & Caicos
Rupert Graves,Sherlock: Many Happy Returns
Rupert Graves,The White Queen
Rupert Graves,Ultimate Tutankhamun
Rupert Graves,Secret State
Rupert Graves,Seven Ages of Starlight
Rupert Graves,Fast Girls
Rupert Graves,"Putin, Russia and the West"
Rupert Graves,Predator Coast
Rupert Graves,Death in Paradise
Rupert Graves,Scott & Bailey
Rupert Graves,Case Sensitive
Rupert Graves,Made in Dagenham
Rupert Graves,Sherlock
Rupert Graves,Garrow's Law
Rupert Graves,The Good Times Are Killing Me
Rupert Graves,Law & Order: UK
Rupert Graves,Wallander
Rupert Graves,God on Trial
Rupert Graves,Midnight Man
Rupert Graves,Son of the Dragon
Rupert Graves,The Dinner Party
Rupert Graves,The Waiting Room
Rupert Graves,Death at a Funeral
Rupert Graves,To Be First
Rupert Graves,Clapham Junction
Rupert Graves,Intervention
Rupert Graves,V for Vendetta
Rupert Graves,A Waste of Shame: The Mystery of Shakespeare and His Sonnets
Rupert Graves,ShakespeaRe-Told
Rupert Graves,Rag Tale
Rupert Graves,Doctor Who
Rupert Graves,Pride
Rupert Graves,This World
Rupert Graves,Charles II: The Power and The Passion
Rupert Graves,Extreme Ops
Rupert Graves,Spooks
Rupert Graves,The Forsyte Saga
Rupert Graves,Room to Rent
Rupert Graves,Take a Girl Like You
Rupert Graves,Waking the Dead
Rupert Graves,Dreaming of Joseph Lees
Rupert Graves,All My Loved Ones
Rupert Graves,Cleopatra
Rupert Graves,The Blonde Bombshell
Rupert Graves,The Revengers' Comedies
Rupert Graves,Bent
Rupert Graves,Mrs. Dalloway
Rupert Graves,The Tenant of Wildfell Hall
Rupert Graves,Intimate Relations
Rupert Graves,Different for Girls
Rupert Graves,The Innocent Sleep
Rupert Graves,The Madness of King George
Rupert Graves,Open Fire
Rupert Graves,Doomsday Gun
Rupert Graves,Royal Celebration
Rupert Graves,Harry
Rupert Graves,Damage
Rupert Graves,Where Angels Fear to Tread
Rupert Graves,The Sheltering Desert
Rupert Graves,The Children
Rupert Graves,The Plot to Kill Hitler
Rupert Graves,A Handful of Dust
Rupert Graves,Fortunes of War
Rupert Graves,Maurice
Rupert Graves,Inspector Morse
Rupert Graves,A Room with a View
Rupert Graves,St. Ursula's in Danger
Rupert Graves,Good and Bad at Games
Rupert Graves,Mona
Rupert Graves,Return of the Saint
Rupert Graves,Seven Ages of Starlight
Natasha Wightman,V for Vendetta
Natasha Wightman,Mouth to Mouth
Natasha Wightman,Shoreditch
Natasha Wightman,The Making of 'Gosford Park'
Natasha Wightman,Gosford Park
Natasha Wightman,Murder on the Orient Express
Natasha Wightman,Revelation
Tim Pigott-Smith,Pompeii: The Last Day
Tim Pigott-Smith,Hanratty: The Whole Truth
Tim Pigott-Smith,Jupiter Ascending Genetically Spliced
Tim Pigott-Smith,The Little Vampire 3D
Tim Pigott-Smith,Red Trees
Tim Pigott-Smith,Victoria & Abdul
Tim Pigott-Smith,6 Days
Tim Pigott-Smith,King Charles III
Tim Pigott-Smith,Whisky Galore
Tim Pigott-Smith,Jupiter Ascending
Tim Pigott-Smith,Beyond the Pale
Tim Pigott-Smith,Houdini
Tim Pigott-Smith,37 Days
Tim Pigott-Smith,The Great Train Robbery
Tim Pigott-Smith,Toast of London
Tim Pigott-Smith,RED 2
Tim Pigott-Smith,The Murder in Angel Lane
Tim Pigott-Smith,Wodehouse In Exile
Tim Pigott-Smith,Doomsday: World War I
Tim Pigott-Smith,The Fall of Singapore: The Great Betrayal
Tim Pigott-Smith,The Hour
Tim Pigott-Smith,The Murder at Road Hill House
Tim Pigott-Smith,My Piece of the Pie
Tim Pigott-Smith,The Little House
Tim Pigott-Smith,Money
Tim Pigott-Smith,Alice in Wonderland
Tim Pigott-Smith,On Expenses
Tim Pigott-Smith,Aileen Wuornos: Angel of Death
Tim Pigott-Smith,Quantum of Solace
Tim Pigott-Smith,Holby Blue
Tim Pigott-Smith,The Vienna Strangler
Tim Pigott-Smith,Crimes That Shook the World
Tim Pigott-Smith,Flyboys
Tim Pigott-Smith,Just Jade
Tim Pigott-Smith,V for Vendetta
Tim Pigott-Smith,Alexander
Tim Pigott-Smith,North & South
Tim Pigott-Smith,London
Tim Pigott-Smith,The Other Side of Dunkirk
Tim Pigott-Smith,The Private Life of Samuel Pepys
Tim Pigott-Smith,Pompeii: The Last Day
Tim Pigott-Smith,The Day Britain Stopped
Tim Pigott-Smith,Johnny English
Tim Pigott-Smith,Eroica
Tim Pigott-Smith,Gangs of New York
Tim Pigott-Smith,The Four Feathers
Tim Pigott-Smith,Spooks
Tim Pigott-Smith,The Inspector Lynley Mysteries
Tim Pigott-Smith,Bloody Sunday
Tim Pigott-Smith,The Age of Terror
Tim Pigott-Smith,Dr. Terrible's House of Horrible
Tim Pigott-Smith,The Vice
Tim Pigott-Smith,Midsomer Murders
Tim Pigott-Smith,Goldeneye: The Secret Files
Tim Pigott-Smith,Pride and Prejudice: From Page to Screen
Tim Pigott-Smith,Nightmares of Nature
Tim Pigott-Smith,The Remains of the Day
Tim Pigott-Smith,The Bullion Boys
Tim Pigott-Smith,Bediani
Tim Pigott-Smith,The Chief
Tim Pigott-Smith,Agatha Christie's Poirot
Tim Pigott-Smith,David Macaulay: Pyramid
Tim Pigott-Smith,Life Story
Tim Pigott-Smith,The Challenge
Tim Pigott-Smith,Dead Man's Folly
Tim Pigott-Smith,The Jewel in the Crown
Tim Pigott-Smith,Natural World
Tim Pigott-Smith,I Remember Nelson
Tim Pigott-Smith,The Hunchback of Notre Dame
Tim Pigott-Smith,Winston Churchill: The Wilderness Years
Tim Pigott-Smith,Escape to Victory
Tim Pigott-Smith,Clash of the Titans
Tim Pigott-Smith,Richard's Things
Tim Pigott-Smith,'Tis Pity She's a Whore
Tim Pigott-Smith,Sweet William
Tim Pigott-Smith,The Day Christ Died
Tim Pigott-Smith,Henry IV Part 1
Tim Pigott-Smith,No Mama No
Tim Pigott-Smith,Measure for Measure
Tim Pigott-Smith,Danger UXB
Tim Pigott-Smith,School Play
Tim Pigott-Smith,BBC Television Shakespeare
Tim Pigott-Smith,The Lost Boys
Tim Pigott-Smith,The Lost Boys
Tim Pigott-Smith,A Choice of Evils
Tim Pigott-Smith,Joseph Andrews
Tim Pigott-Smith,Doctor Who: The Masque of Mandragora
Tim Pigott-Smith,Aces High
Tim Pigott-Smith,The Glittering Prizes
Tim Pigott-Smith,Antony and Cleopatra
Tim Pigott-Smith,The Regiment
Tim Pigott-Smith,Doctor Who: The Claws of Axos
Tim Pigott-Smith,Doctor Who
Tim Pigott-Smith,Hallmark Hall of Fame
Tim Pigott-Smith,Victoria & Abdul
John Hurt,Hannibal Hopkins & Sir Anthony
John Hurt,Bare Knucle
John Hurt,Ayamé
John Hurt,Damascus Cover
John Hurt,That Good Night
John Hurt,My Name Is Lenny
John Hurt,The Journey
John Hurt,Jackie
John Hurt,The Pity of War: The Loves and Lives of the War Poets
John Hurt,ChickLit
John Hurt,The Last Panthers
John Hurt,Thomas & Friends: Sodor's Legend of the Lost Treasure: The Movie
John Hurt,A.K.A Nadia
John Hurt,Break
John Hurt,The Alchemist's Letter
John Hurt,Dmitri Shostakovich: A Man of Many Faces
John Hurt,Richard Attenborough: A Life in Film
John Hurt,Hercules
John Hurt,Only Lovers Left Alive
John Hurt,The Five(ish) Doctors Reboot
John Hurt,Doctor Who: The Day of the Doctor
John Hurt,Doctor Who: The Night of the Doctor
John Hurt,Hello: A Portrait Of Leslie Phillips
John Hurt,Muse of Fire
John Hurt,Snowpiercer
John Hurt,Jayne Mansfield's Car
John Hurt,Swan Lake 3D - Live from the Mariinsky Theatre
John Hurt,Benjamin Britten: Peace and Conflict
John Hurt,Charlie Countryman
John Hurt,Sightseers
John Hurt,Labyrinth
John Hurt,Planet Dinosaur: Ultimate Killers
John Hurt,More Than Honey
John Hurt,The Hollow Crown
John Hurt,The Snipist
John Hurt,The Gruffalo's Child
John Hurt,Immortals
John Hurt,On Borrowed Time
John Hurt,In Love with Alma Cogan
John Hurt,Tinker Tailor Soldier Spy
John Hurt,Planet Dinosaur
John Hurt,"23 Degrees, 5 Minutes"
John Hurt,Harry Potter and the Deathly Hallows: Part 2
John Hurt,The Journey – Stories from the 2010 FIFA World Cup South Africa
John Hurt,The Confession
John Hurt,Melancholia
John Hurt,The Confession
John Hurt,Human Planet
John Hurt,Sailcloth
John Hurt,Whistle and I'll Come to You
John Hurt,"Ultramarines: A Warhammer 40,000 Movie"
John Hurt,Love at First Sight
John Hurt,Harry Potter and the Deathly Hallows: Part 1
John Hurt,Brighton Rock
John Hurt,A Turtle's Tale: Sammy's Adventures
John Hurt,Lou
John Hurt,The Gruffalo
John Hurt,Ballybrando
John Hurt,44 Inch Chest
John Hurt,Waking Sleeping Beauty
John Hurt,The Limits of Control
John Hurt,An Englishman in New York
John Hurt,Merlin
John Hurt,"New York, I Love You"
John Hurt,Hellboy II: The Golden Army
John Hurt,Recount
John Hurt,Indiana Jones and the Kingdom of the Crystal Skull
John Hurt,Outlander
John Hurt,The Oxford Murders
John Hurt,Lecture 21
John Hurt,Masters of Science Fiction
John Hurt,Boxes
John Hurt,Hellboy Animated: Blood and Iron
John Hurt,The 50 Greatest Television Dramas
John Hurt,Interview with John Hurt
John Hurt,Perfume: The Story of a Murderer
John Hurt,The One Show
John Hurt,Whaledreamers
John Hurt,The Plot Against Harold Wilson
John Hurt,Shooting Dogs
John Hurt,V for Vendetta
John Hurt,The Proposition
John Hurt,Hiroshima
John Hurt,The Skeleton Key
John Hurt,Manderlay
John Hurt,Doctor Who
John Hurt,Valiant
John Hurt,Who Do You Think You Are?
John Hurt,Shadowing the Third Man
John Hurt,Hellboy: The Seeds of Creation
John Hurt,Pride
John Hurt,Hellboy
John Hurt,Alpha to Omega: Exposing 'The Osterman Weekend'
John Hurt,The Alan Clark Diaries
John Hurt,The Beast Within: Making 'Alien'
John Hurt,Dogville
John Hurt,Meeting Che Guevara & the Man from Maybury Hill
John Hurt,Owning Mahowny
John Hurt,"I, Claudius: A Television Epic"
John Hurt,Crime and Punishment
John Hurt,HypaSpace
John Hurt,Bait
John Hurt,Miranda
John Hurt,Edge of the Universe
John Hurt,The Alien Saga
John Hurt,The Terrible Elephant Man Revealed
John Hurt,Shaolin: Wheel of Life
John Hurt,Harry Potter and the Philosopher's Stone
John Hurt,Captain Corelli's Mandolin
John Hurt,The Hidden Wars of Desert Storm
John Hurt,Tabloid
John Hurt,Lost Souls
John Hurt,Krapp's Last Tape
John Hurt,The Tigger Movie
John Hurt,New Blood
John Hurt,You're Dead...
John Hurt,One Last Score
John Hurt,Watership Down
John Hurt,All the Little Animals
John Hurt,Love and Death on Long Island
John Hurt,The Climb
John Hurt,The Commissioner
John Hurt,Night Train
John Hurt,Bandyta
John Hurt,Contact
John Hurt,Tender Loving Care
John Hurt,Dead Man
John Hurt,Saigon Baby
John Hurt,Wild Bill
John Hurt,On Jupiter
John Hurt,Rob Roy
John Hurt,Two Nudes Bathing
John Hurt,The World of Jim Henson
John Hurt,Second Best
John Hurt,Inside the Actors Studio
John Hurt,Even Cowgirls Get the Blues
John Hurt,Great Moments in Aviation
John Hurt,Thumbelina
John Hurt,Monolith
John Hurt,GMTV
John Hurt,Six Characters in Search of An Author
John Hurt,Dark at Noon
John Hurt,I Dreamt I Woke Up
John Hurt,Journey to Knock
John Hurt,Lapse of Memory
John Hurt,King Ralph
John Hurt,Red Fox
John Hurt,Paul McCartney: From Rio to Liverpool
John Hurt,Frankenstein Unbound
John Hurt,The Field
John Hurt,Resident Alien
John Hurt,Windprints
John Hurt,Who Bombed Birmingham?
John Hurt,Romeo.Juliet
John Hurt,Little Sweetheart
John Hurt,The Jim Henson Hour
John Hurt,Scandal
John Hurt,David Macaulay: Pyramid
John Hurt,The Bengali Night
John Hurt,The Storyteller
John Hurt,White Mischief
John Hurt,Deadline
John Hurt,Vincent
John Hurt,Spaceballs
John Hurt,Aria
John Hurt,The Hunting of the Snark
John Hurt,From the Hip
John Hurt,Frightmares
John Hurt,Rocinante
John Hurt,Thames Film
John Hurt,Jake Speed
John Hurt,The Strange Case of Yukio Mishima
John Hurt,The Black Cauldron
John Hurt,Live Aid
John Hurt,After Darkness
John Hurt,Nineteen Eighty-Four
John Hurt,The Hit
John Hurt,Success Is the Best Revenge
John Hurt,Champions
John Hurt,Natural World
John Hurt,The Osterman Weekend
John Hurt,King Lear
John Hurt,The Plague Dogs
John Hurt,Paul McCartney - Take It Away
John Hurt,Partners
John Hurt,Night Crossing
John Hurt,History of the World: Part I
John Hurt,Heaven's Gate
John Hurt,The Elephant Man
John Hurt,An Evening with Quentin Crisp
John Hurt,Alien
John Hurt,Crime and Punishment
John Hurt,The Lord of the Rings
John Hurt,Watership Down
John Hurt,Midnight Express
John Hurt,The Shout
John Hurt,The Disappearance
John Hurt,East of Elephant Rock
John Hurt,The Hollywood Greats
John Hurt,Three Dangerous Ladies
John Hurt,Spectre
John Hurt,"I, Claudius"
John Hurt,Stream Line
John Hurt,The Naked Civil Servant
John Hurt,The Ghoul
John Hurt,The Sweeney
John Hurt,Little Malcolm and His Struggle Against the Eunuchs
John Hurt,NOVA
John Hurt,The Playboy of the Western World
John Hurt,Wessex Tales
John Hurt,The Pied Piper
John Hurt,A Ghost Story for Christmas
John Hurt,Mr. Forbush and the Penguins
John Hurt,10 Rillington Place
John Hurt,Play for Today
John Hurt,In Search of Gregory
John Hurt,Before Winter Comes
John Hurt,Sinful Davey
John Hurt,The Sailor from Gibraltar
John Hurt,A Man for All Seasons
John Hurt,Gideon's Way
John Hurt,This Is My Street
John Hurt,The Wild and the Willing
Stephen Fry,Stephen Fry’s 21st Century Firsts
Stephen Fry,"Red, White & Royal Blue"
Stephen Fry,Now & Then
Stephen Fry,In Search of the Prisoner
Stephen Fry,The Inventor
Stephen Fry,Mind Games - The Experiment
Stephen Fry,A Year On Planet Earth
Stephen Fry,Mr Bear's Christmas
Stephen Fry,David Baddiel: Jews Don't Count
Stephen Fry,In Conversation with Alan Yentob
Stephen Fry,The Canterville Ghost
Stephen Fry,"The Fringe, Fame and Me"
Stephen Fry,The Sandman
Stephen Fry,Heartstopper
Stephen Fry,The Dropout
Stephen Fry,Fantastic Beasts: A Natural History
Stephen Fry,Harry Potter 20th Anniversary: Return to Hogwarts
Stephen Fry,It's Always Something
Stephen Fry,Listening through the Lens: The Christopher Nupen Films
Stephen Fry,Hating Peter Tatchell
Stephen Fry,Sparkling: The Story Of Champagne
Stephen Fry,Night of the Living Dread
Stephen Fry,The Picture of Dorian Gray
Stephen Fry,It's a Sin
Stephen Fry,Dancing on Thin Ice with Torvill & Dean
Stephen Fry,Cold War Steve Meets the Outside World
Stephen Fry,London Zoo: An Extraordinary Year
Stephen Fry,What's the Matter with Tony Slattery?
Stephen Fry,Scandal & Beauty: Mark Gatiss on Aubrey Beardsley
Stephen Fry,Greed
Stephen Fry,Doctor Who: Spyfall
Stephen Fry,Bill Turnbull: Staying Alive
Stephen Fry,Dancing with the Birds
Stephen Fry,Tomorrow
Stephen Fry,Missing Link
Stephen Fry,Almost Human
Stephen Fry,Churchill and the Movie Mogul
Stephen Fry,Sex Education
Stephen Fry,Scotty and the Secret History of Hollywood
Stephen Fry,The Big Narstie Show
Stephen Fry,The Con Is On
Stephen Fry,M.C. Escher: Journey to Infinity
Stephen Fry,Pocoyo's Easter Picnic
Stephen Fry,Duck Duck Goose
Stephen Fry,Apple & Onion
Stephen Fry,And the Winner Isn't
Stephen Fry,All Families Have Secrets: Patrick Gale's Art of Fiction
Stephen Fry,Queer as Art
Stephen Fry,50 Years Legal
Stephen Fry,Britain's Great Gay Buildings
Stephen Fry,Battle of Soho
Stephen Fry,Elton John: The Nation's Favourite Song
Stephen Fry,Santa Forgot
Stephen Fry,The Great Indoors
Stephen Fry,The Killing$ of Tony Blair
Stephen Fry,Love & Friendship
Stephen Fry,Alice Through the Looking Glass
Stephen Fry,Pocoyo's Halloween
Stephen Fry,The Man Who Knew Infinity
Stephen Fry,A Fanatic Heart: Geldof On Yeats
Stephen Fry,The Not So Secret Life of the Manic Depressive: 10 Years On
Stephen Fry,A Life On Screen: Stephen Fry
Stephen Fry,Rocky Horror Show Live
Stephen Fry,The Mr. Peabody & Sherman Show
Stephen Fry,Wimbledon: 2015 Official Film Review
Stephen Fry,Danger Mouse
Stephen Fry,Stephen Fry in Central America
Stephen Fry,Do I Sound Gay?
Stephen Fry,A Life on Screen
Stephen Fry,Marked
Stephen Fry,The Hobbit: The Battle of the Five Armies
Stephen Fry,Stephen Fry Live: More Fool Me
Stephen Fry,The Kate Bush Story: Running Up That Hill
Stephen Fry,That Sugar Film
Stephen Fry,Alan Davies: As Yet Untitled
Stephen Fry,Tiny Giants 3D
Stephen Fry,A Little Bit of Fry and Waddell
Stephen Fry,Lily's Driftwood Bay
Stephen Fry,Last Week Tonight with John Oliver
Stephen Fry,Mahout: The Great Elephant Walk
Stephen Fry,Our Gay Wedding: The Musical
Stephen Fry,Hidden Kingdoms
Stephen Fry,Hidden Kingdoms
Stephen Fry,Russia's Open Book: Writing in the Age of Putin
Stephen Fry,The Hobbit: The Desolation of Smaug
Stephen Fry,Yonderland
Stephen Fry,Sir David Frost: That Was the Life That Was
Stephen Fry,Stephen Fry: Out There
Stephen Fry,Super Clyde
Stephen Fry,Hugh Laurie: Copper Bottom Blues
Stephen Fry,The Look of Love
Stephen Fry,The Lonely Dodo
Stephen Fry,Frost on Sketch Shows
Stephen Fry,Doors Open
Stephen Fry,Special Report – The Voice of Darts
Stephen Fry,Gadget Man
Stephen Fry,Cicada Princess
Stephen Fry,A Liar's Autobiography: The Untrue Story of Monty Python's Graham Chapman
Stephen Fry,Shakespeare's Sonnets
Stephen Fry,Stephen Fry's 100 Greatest Gadgets
Stephen Fry,Twelfth Night
Stephen Fry,Veep
Stephen Fry,Just a Minute
Stephen Fry,The Bleak Old Shop of Stuff
Stephen Fry,Jools Holland: My Life in Music
Stephen Fry,The Borrowers
Stephen Fry,Sherlock Holmes: A Game of Shadows
Stephen Fry,Holy Flying Circus
Stephen Fry,Fry's Planet Word
Stephen Fry,Wogan on Wodehouse
Stephen Fry,Ocean Giants
Stephen Fry,Ocean Giants
Stephen Fry,Horrible Histories with Stephen Fry
Stephen Fry,March of the Dinosaurs
Stephen Fry,Benjamin Sniddlegrass and The Cauldron of Penguins
Stephen Fry,Lost Connection
Stephen Fry,Fry and Laurie Reunited
Stephen Fry,Stephen Fry Live at the Sydney Opera House
Stephen Fry,Alice in Wonderland
Stephen Fry,Wagner & Me
Stephen Fry,Not Again: Not the Nine O'Clock News
Stephen Fry,House of Boys
Stephen Fry,Last Chance to See
Stephen Fry,Last Chance to See
Stephen Fry,Fawlty Exclusive: Basil's Best Bits
Stephen Fry,Fawlty Towers: Re-Opened
Stephen Fry,Country Tracks
Stephen Fry,Chris Moyles' Quiz Night
Stephen Fry,Blackadder Rides Again
Stephen Fry,Blackadder's Most Cunning Moments
Stephen Fry,Stephen Fry in America
Stephen Fry,Blackadder Exclusive: The Whole Rotten Saga
Stephen Fry,Happy Birthday to GNU
Stephen Fry,Last of the Dambusters
Stephen Fry,Pocoyo: Fun & Dance with Pocoyo
Stephen Fry,Spectacled Bears: Shadows of the Forest
Stephen Fry,The Machine That Made Us
Stephen Fry,Tales of the Riverbank
Stephen Fry,St. Trinian's
Stephen Fry,Stephen Fry: HIV & Me
Stephen Fry,Eichmann
Stephen Fry,Kingdom
Stephen Fry,Shrink Rap
Stephen Fry,The Graham Norton Show
Stephen Fry,Snow White: The Sequel
Stephen Fry,Legends
Stephen Fry,Stephen Fry: The Secret Life of the Manic Depressive
Stephen Fry,The Secret Show
Stephen Fry,The One Show
Stephen Fry,The Story of Light Entertainment
Stephen Fry,Stormbreaker
Stephen Fry,Guy Fawkes and the Gunpowder Plot
Stephen Fry,V for Vendetta
Stephen Fry,Bones
Stephen Fry,Don't Crash: The Documentary of the Making of the Movie of the Book of the Radio Series of 'The Hitchhiker's Guide to the Galaxy'
Stephen Fry,Extras
Stephen Fry,A Cock and Bull Story
Stephen Fry,Inside 'The Hitchhiker's Guide to the Galaxy'
Stephen Fry,Nigella
Stephen Fry,The Hitchhiker's Guide to the Galaxy
Stephen Fry,Doctor Who
Stephen Fry,American Dad!
Stephen Fry,Missing
Stephen Fry,MirrorMask
Stephen Fry,Pocoyo
Stephen Fry,The Late Late Show with Craig Ferguson
Stephen Fry,Tom Brown's Schooldays
Stephen Fry,Pocoyo & Friends
Stephen Fry,Meet Pocoyo!
Stephen Fry,A Bear Named Winnie
Stephen Fry,Remember the Secret Policeman's Ball?
Stephen Fry,Who Do You Think You Are?
Stephen Fry,The Life and Death of Peter Sellers
Stephen Fry,The Two Loves of Anthony Trollope
Stephen Fry,Tooth
Stephen Fry,Absolute Power
Stephen Fry,Bright Young Things
Stephen Fry,QI
Stephen Fry,Le Divorce
Stephen Fry,Fortysomething
Stephen Fry,Top Gear
Stephen Fry,The Making of 'Gosford Park'
Stephen Fry,Thunderpants
Stephen Fry,Surrealissimo: The Trial of Salvador Dali
Stephen Fry,Paddington Bear: The Early Years
Stephen Fry,Gosford Park
Stephen Fry,24
Stephen Fry,Baldrick's Video Diary
Stephen Fry,The Discovery of Heaven
Stephen Fry,Four Play
Stephen Fry,Baddiel's Syndrome
Stephen Fry,Sabotage!!
Stephen Fry,Relative Values
Stephen Fry,Elizabeth Taylor: A Musical Celebration
Stephen Fry,Best
Stephen Fry,Whatever Happened to Harold Smith?
Stephen Fry,Gormenghast
Stephen Fry,The Nearly Complete and Utter History of Everything
Stephen Fry,Longitude
Stephen Fry,Longitude
Stephen Fry,A Profile of 'The Life and Death of Colonel Blimp'
Stephen Fry,The Magician's House
Stephen Fry,Watership Down
Stephen Fry,Blackadder: Back & Forth
Stephen Fry,Comic Relief
Stephen Fry,Geri
Stephen Fry,A Profile of The Importance of Being Earnest
Stephen Fry,A Civil Action
Stephen Fry,The Tichborne Claimant
Stephen Fry,So Graham Norton
Stephen Fry,In the Red
Stephen Fry,Spice World
Stephen Fry,Simply Wilde
Stephen Fry,Wilde
Stephen Fry,Never Mind the Buzzcocks
Stephen Fry,The Wind in the Willows
Stephen Fry,The Thin Blue Line
Stephen Fry,Kulturzeit
Stephen Fry,The Steal
Stephen Fry,Cold Comfort Farm
Stephen Fry,I.Q.
Stephen Fry,University Challenge
Stephen Fry,Room 101
Stephen Fry,An Audience with Bob Monkhouse
Stephen Fry,Shooting Stars
Stephen Fry,Stalag Luft
Stephen Fry,The Common Pursuit
Stephen Fry,The Borrowers
Stephen Fry,Peter's Friends
Stephen Fry,Have I Got News for You
Stephen Fry,Rita Rudner
Stephen Fry,Jeeves and Wooster
Stephen Fry,Old Flames
Stephen Fry,The Simpsons
Stephen Fry,Happy Families
Stephen Fry,Anything More Would Be Greedy
Stephen Fry,Saturday Night Clive
Stephen Fry,A Bit of Fry and Laurie
Stephen Fry,The Secret Policeman’s Biggest Ball
Stephen Fry,Blackadder's Christmas Carol
Stephen Fry,This Is David Lander
Stephen Fry,This Morning
Stephen Fry,Whose Line Is It Anyway?
Stephen Fry,A Fish Called Wanda
Stephen Fry,A Handful of Dust
Stephen Fry,Blackadder: The Cavalier Years
Stephen Fry,The New Statesman
Stephen Fry,The Laughing Prisoner
Stephen Fry,Filthy Rich & Catflap
Stephen Fry,The Secret Policeman’s Third Ball
Stephen Fry,Omnibus Presents Comic Relief
Stephen Fry,The Comic Relief Utterly Utterly Rude Video Live
Stephen Fry,Saturday Live
Stephen Fry,The Dangerous Brothers
Stephen Fry,Dangerous Brothers Present: World of Danger
Stephen Fry,The Good Father
Stephen Fry,Happy Families
Stephen Fry,Screen Two
Stephen Fry,Chance in a Million
Stephen Fry,Natural World
Stephen Fry,The Crystal Cube
Stephen Fry,The Crystal Cube
Stephen Fry,Blackadder
Stephen Fry,Alfresco
Stephen Fry,The Cellar Tapes
Stephen Fry,The Young Ones
Stephen Fry,Countdown
Stephen Fry,There's Nothing to Worry About!
Stephen Fry,Wogan
Stephen Fry,An Audience with...
Stephen Fry,The Secret Policeman's Ball
Stephen Fry,Fawlty Towers
Stephen Fry,The BAFTA Awards
Stephen Fry,The Liar
Stephen Fry,The Hippopotamus
Stephen Fry,Stephen Fry: Out There
Stephen Fry,Fry's Planet Word
Stephen Fry,Stephen Fry in America
Stephen Fry,Stephen Fry: HIV & Me
Stephen Fry,The Magic Flute
Stephen Fry,Bright Young Things
Stephen Fry,Lucky Break
Stephen Fry,A Bit of Fry and Laurie
Stephen Fry,The Laughing Prisoner
Stephen Fry,The Crystal Cube
Stephen Fry,The Crystal Cube
Stephen Fry,Alfresco
Stephen Fry,The Cellar Tapes
Stephen Fry,There's Nothing to Worry About!
Stephen Fry,The Liar
Stephen Fry,Mankind
Stephen Fry,Ponyboi
Stephen Fry,Tickled
Stephen Fry,Nightstand
Stephen Fry,Doors Open
Stephen Fry,Walking the Dogs
Stephen Fry,Let Them Talk: A Celebration of New Orleans Blues
Stephen Fry,Hugh Laurie: Down by the River
Stephen Fry,Kingdom
Stephen Fry,Bright Young Things
Stephen Fry,Wildlife SOS
Stephen Fry,A Year On Planet Earth
Stephen Fry,A Bit of Fry and Laurie
Stephen Fry,The Crystal Cube
Stephen Fry,There's Nothing to Worry About!
Stephen Fry,Stephen Fry: Out There
Stephen Fry,Sense and Sensibility
Stephen Fry,Bright Young Things
Stephen Rea,Visitation
Stephen Rea,The Miracle Club
Stephen Rea,The English
Stephen Rea,The Ghost of Richard Harris
Stephen Rea,Nightride
Stephen Rea,"Brian Friel: Shy Man, Showman"
Stephen Rea,Sadie
Stephen Rea,Secrets from Putumayo
Stephen Rea,Disclosure
Stephen Rea,Flesh and Blood
Stephen Rea,The Stranger
Stephen Rea,Searching for Sam: Adrian Dunbar on Samuel Beckett
Stephen Rea,Lost Lives
Stephen Rea,Cyprus Avenue
Stephen Rea,Thanksgiving
Stephen Rea,Greta
Stephen Rea,Black '47
Stephen Rea,Unquiet Graves
Stephen Rea,War and Peace
Stephen Rea,Dickensian
Stephen Rea,Ruby Strangelove Young Witch
Stephen Rea,Out of the Dark
Stephen Rea,Styria
Stephen Rea,The Honourable Woman
Stephen Rea,Asylum
Stephen Rea,Tasting Menu
Stephen Rea,Utopia
Stephen Rea,Werewolf: The Beast Among Us
Stephen Rea,Stella Days
Stephen Rea,Underworld: Awakening
Stephen Rea,Blackthorn
Stephen Rea,The Shadow Line
Stephen Rea,Roadkill
Stephen Rea,The Heavy
Stephen Rea,Harold Pinter:  A Celebration
Stephen Rea,Ondine
Stephen Rea,Nothing Personal
Stephen Rea,Father & Son
Stephen Rea,Spy(ies)
Stephen Rea,Heidi 4 Paws
Stephen Rea,Kisses
Stephen Rea,10 Days to War
Stephen Rea,The Devil's Mercy
Stephen Rea,Stuck
Stephen Rea,The Reaping
Stephen Rea,Celebration
Stephen Rea,Until Death
Stephen Rea,Sisters
Stephen Rea,Sixty Six
Stephen Rea,V for Vendetta
Stephen Rea,River Queen
Stephen Rea,Breakfast on Pluto
Stephen Rea,Tara Road
Stephen Rea,Control
Stephen Rea,The Halo Effect
Stephen Rea,Fluent Dysphasia
Stephen Rea,Bloom
Stephen Rea,The Good Shepherd
Stephen Rea,The I Inside
Stephen Rea,Evelyn
Stephen Rea,Copenhagen
Stephen Rea,FearDotCom
Stephen Rea,The Musketeer
Stephen Rea,Snow in August
Stephen Rea,On the Edge
Stephen Rea,The King's Wake
Stephen Rea,The End of the Affair
Stephen Rea,Law & Order: Special Victims Unit
Stephen Rea,The Life Before This
Stephen Rea,Guinevere
Stephen Rea,I Could Read the Sky
Stephen Rea,This Is My Father
Stephen Rea,In Dreams
Stephen Rea,Still Crazy
Stephen Rea,The Butcher Boy
Stephen Rea,A Scare at Bedtime
Stephen Rea,Hacks
Stephen Rea,Double Tap
Stephen Rea,Fever Pitch
Stephen Rea,A Further Gesture
Stephen Rea,The Last of the High Kings
Stephen Rea,Michael Collins
Stephen Rea,Crime of the Century
Stephen Rea,Trojan Eddie
Stephen Rea,Samuel Beckett As the Story Was Told
Stephen Rea,Lumière and Company
Stephen Rea,All Men Are Mortal
Stephen Rea,Shadow of a Gunman
Stephen Rea,Between the Devil and the Deep Blue Sea
Stephen Rea,Citizen X
Stephen Rea,Ready to Wear
Stephen Rea,Interview with the Vampire
Stephen Rea,Princess Caraboo
Stephen Rea,Angie
Stephen Rea,Bad Behavior
Stephen Rea,Hedda Gabler
Stephen Rea,The Crying Game
Stephen Rea,Life Is Sweet
Stephen Rea,Not with a Bang
Stephen Rea,Nobody Here But Us Chickens
Stephen Rea,Endgame
Stephen Rea,Scout
Stephen Rea,Shergar
Stephen Rea,Boon
Stephen Rea,The Doctor and the Devils
Stephen Rea,Four Days in July
Stephen Rea,The House
Stephen Rea,The Company of Wolves
Stephen Rea,Loose Connections
Stephen Rea,Angel
Stephen Rea,Minder
Stephen Rea,The Out of Town Boys
Stephen Rea,The Seagull
Stephen Rea,The Professionals
Stephen Rea,Professional Foul
Stephen Rea,The Hollywood Greats
Stephen Rea,Early Struggles
Stephen Rea,Saturday Night Live
Stephen Rea,Days of Hope
Stephen Rea,I Didn't Know You Cared
Stephen Rea,Fugitive
Stephen Rea,K is for Killing
Stephen Rea,Thriller
Stephen Rea,The Moonstone
Stephen Rea,Cry of the Banshee
Stephen Rea,The Oscars
Stephen Rea,A Further Gesture
Hugo Weaving,The Royal Hotel
Hugo Weaving,Koala Man
Hugo Weaving,Franklin
Hugo Weaving,The Bridge Australia
Hugo Weaving,Loveland
Hugo Weaving,Love Me
Hugo Weaving,Lone Wolf
Hugo Weaving,Mr. Corman
Hugo Weaving,Wild Australia: After the Fires
Hugo Weaving,Measure for Measure
Hugo Weaving,Hearts and Bones
Hugo Weaving,Australia in Colour
Hugo Weaving,Mortal Engines
Hugo Weaving,Australia's Lost Impressionist
Hugo Weaving,Black '47
Hugo Weaving,Patrick Melrose
Hugo Weaving,Seven Types of Ambiguity
Hugo Weaving,Jasper Jones
Hugo Weaving,The Soul of War: Making 'Hacksaw Ridge'
Hugo Weaving,Hacksaw Ridge
Hugo Weaving,The Dressmaker
Hugo Weaving,Strangerland
Hugo Weaving,Between a Frock and a Hard Place
Hugo Weaving,The Hobbit: The Battle of the Five Armies
Hugo Weaving,Healing
Hugo Weaving,The Mule
Hugo Weaving,The Turning
Hugo Weaving,Mystery Road
Hugo Weaving,The Hobbit: An Unexpected Journey
Hugo Weaving,Cloud Atlas
Hugo Weaving,Happy Feet Two
Hugo Weaving,Captain America: The First Avenger - Behind the Skull
Hugo Weaving,Captain America: The First Avenger
Hugo Weaving,Transformers: Dark of the Moon
Hugo Weaving,The Key Man
Hugo Weaving,Rake
Hugo Weaving,"I, Spry"
Hugo Weaving,Oranges and Sunshine
Hugo Weaving,Legend of the Guardians: The Owls of Ga'Hoole
Hugo Weaving,The Wolfman
Hugo Weaving,Last Ride
Hugo Weaving,Transformers: Revenge of the Fallen
Hugo Weaving,The Tender Hook
Hugo Weaving,Transformers
Hugo Weaving,In the Company of Actors
Hugo Weaving,The Girl Who Swallowed Bees
Hugo Weaving,Happy Feet
Hugo Weaving,V for Vendetta
Hugo Weaving,Little Fish
Hugo Weaving,Peaches
Hugo Weaving,Confessions of an Action Star
Hugo Weaving,Ringers: Lord of the Fans
Hugo Weaving,The Matrix Reloaded Revisited
Hugo Weaving,The Matrix Revolutions Revisited
Hugo Weaving,Everything Goes
Hugo Weaving,The Matrix Recalibrated
Hugo Weaving,The Matrix Revolutions: Double Agent Smith
Hugo Weaving,Mind Over Matter: The Physicality of the Matrix Future
Hugo Weaving,The Lord of the Rings: The Return of the King
Hugo Weaving,The Matrix Revolutions
Hugo Weaving,The Matrix Reloaded: Pre-Load
Hugo Weaving,After the Deluge
Hugo Weaving,After the Deluge
Hugo Weaving,Horseplay
Hugo Weaving,The Matrix Reloaded
Hugo Weaving,The Lord of the Rings: The Two Towers
Hugo Weaving,HypaSpace
Hugo Weaving,The Lord of the Rings: The Fellowship of the Ring
Hugo Weaving,A Passage to Middle-earth: Making of 'Lord of the Rings'
Hugo Weaving,Quest for the Ring
Hugo Weaving,The Matrix Revisited
Hugo Weaving,Russian Doll
Hugo Weaving,The Old Man Who Read Love Stories
Hugo Weaving,The Magic Pudding
Hugo Weaving,Strange Planet
Hugo Weaving,Making 'The Matrix'
Hugo Weaving,The Matrix
Hugo Weaving,Babe: Pig in the City
Hugo Weaving,Bedrooms and Hallways
Hugo Weaving,The Interview
Hugo Weaving,The Kiss
Hugo Weaving,The View
Hugo Weaving,True Love and Chaos
Hugo Weaving,Frontier
Hugo Weaving,The Bite
Hugo Weaving,Wild Australia: The Edge
Hugo Weaving,Bordertown
Hugo Weaving,Babe
Hugo Weaving,Halifax f.p.
Hugo Weaving,Ladies Please!
Hugo Weaving,"The Adventures of Priscilla, Queen of the Desert"
Hugo Weaving,The Forgotten Force
Hugo Weaving,The Custodian
Hugo Weaving,Frauds
Hugo Weaving,Reckless Kelly
Hugo Weaving,Road to Alice
Hugo Weaving,Proof
Hugo Weaving,Wendy Cracked a Walnut
Hugo Weaving,Bangkok Hilton
Hugo Weaving,Dadah Is Death
Hugo Weaving,The Dirtwater Dynasty
Hugo Weaving,The Right Hand Man
Hugo Weaving,For Love Alone
Hugo Weaving,Bodyline
Hugo Weaving,The City's Edge
Hugo Weaving,...Maybe This Time
Hugo Weaving,Ship of Theseus
Hugo Weaving,Russian Doll
Sinéad Cusack,And Mrs
Sinéad Cusack,North Sea Connection
Sinéad Cusack,The Baby
Sinéad Cusack,"Brian Friel: Shy Man, Showman"
Sinéad Cusack,Peter Sellers: A State of Comic Ecstasy
Sinéad Cusack,MotherFatherSon
Sinéad Cusack,National Theatre Live: King Lear
Sinéad Cusack,Beast
Sinéad Cusack,Marcella
Sinéad Cusack,Queen & Country
Sinéad Cusack,Stonehearst Asylum
Sinéad Cusack,37 Days
Sinéad Cusack,The Sea
Sinéad Cusack,Wrath of the Titans
Sinéad Cusack,Camelot
Sinéad Cusack,The Deep
Sinéad Cusack,Cracks
Sinéad Cusack,A Room with a View
Sinéad Cusack,Eastern Promises
Sinéad Cusack,The Tiger's Tail
Sinéad Cusack,Home Again
Sinéad Cusack,V for Vendetta
Sinéad Cusack,Mathilde
Sinéad Cusack,Summer Solstice
Sinéad Cusack,The Strange Case of Sherlock Holmes & Arthur Conan Doyle
Sinéad Cusack,Rosamunde Pilcher: Magic of Love
Sinéad Cusack,Dad
Sinéad Cusack,Rosamunde Pilcher - Magic of Love
Sinéad Cusack,North & South
Sinéad Cusack,Winter Solstice
Sinéad Cusack,Winter Solstice
Sinéad Cusack,I Capture the Castle
Sinéad Cusack,Dream
Sinéad Cusack,My Mother Frank
Sinéad Cusack,Passion of Mind
Sinéad Cusack,The Nephew
Sinéad Cusack,Food for Ravens
Sinéad Cusack,Stealing Beauty
Sinéad Cusack,Oliver's Travels
Sinéad Cusack,Uncovered
Sinéad Cusack,Sparrow
Sinéad Cusack,Bad Behavior
Sinéad Cusack,The Cement Garden
Sinéad Cusack,God on the Rocks
Sinéad Cusack,Tales from Hollywood
Sinéad Cusack,Waterland
Sinéad Cusack,The Hen House
Sinéad Cusack,Venus Peter
Sinéad Cusack,Agatha Christie's Poirot
Sinéad Cusack,Rocket Gibraltar
Sinéad Cusack,Cyrano de Bergerac
Sinéad Cusack,Playing Shakespeare
Sinéad Cusack,Twelfth Night
Sinéad Cusack,BBC Television Shakespeare
Sinéad Cusack,The Last Remake of Beau Geste
Sinéad Cusack,Supernatural
Sinéad Cusack,Love's Labour's Lost
Sinéad Cusack,Quiller
Sinéad Cusack,Notorious Woman
Sinéad Cusack,The Playboy of the Western World
Sinéad Cusack,Horowitz in Dublin
Sinéad Cusack,The Eyes Have It
Sinéad Cusack,Thriller
Sinéad Cusack,The Protectors
Sinéad Cusack,The Persuaders!
Sinéad Cusack,Revenge
Sinéad Cusack,The Ballad of Tam Lin
Sinéad Cusack,The Rise and Rise of Michael Rimmer
Sinéad Cusack,Menace
Sinéad Cusack,Hoffman
Sinéad Cusack,David Copperfield
